id,id_main,sort,bilder,subtext
20,6,0,2011-08-31-DSC0910jpg.jpg,
19,6,0,2011-08-31-DSC0909jpg.jpg,
21,6,0,2011-08-31-DSC0911jpg.jpg,
22,5,0,2011-08-31-DSC0892jpg.jpg,
23,5,0,2011-08-31-DSC0893jpg.jpg,
24,5,0,2011-08-31-DSC0894jpg.jpg,
25,5,0,2011-08-31-DSC0896jpg.jpg,
26,5,0,2011-08-31-DSC0897jpg.jpg,
27,5,0,2011-08-31-DSC0897jpg.jpg,
28,4,0,2011-08-31-DSC0898jpg.jpg,
29,4,0,2011-08-31-DSC0899jpg.jpg,
30,4,0,2011-08-31-DSC0901jpg.jpg,
31,4,0,2011-08-31-DSC0902jpg.jpg,
50,3,0,2011-08-31-DSC0715jpg.jpg,
33,3,0,2011-08-31-DSC0712jpg.jpg,
34,3,0,2011-08-31-DSC0713jpg.jpg,
36,3,0,2011-08-31-DSC0718jpg.jpg,
37,3,0,2011-08-31-DSC0719jpg.jpg,
38,3,0,2011-08-31-DSC0720jpg.jpg,
39,3,0,2011-08-31-DSC0721jpg.jpg,
40,3,0,2011-08-31-DSC0722jpg.jpg,
41,3,0,2011-08-31-DSC0723jpg.jpg,
42,3,0,2011-08-31-DSC0724jpg.jpg,
43,3,0,2011-08-31-DSC0725jpg.jpg,
44,3,0,2011-08-31-DSC0726jpg.jpg,
45,3,0,2011-08-31-DSC0727jpg.jpg,
46,3,0,2011-08-31-DSC0728jpg.jpg,
47,3,0,2011-08-31-DSC0729jpg.jpg,
48,3,0,2011-08-31-DSC0731jpg.jpg,
49,3,0,2011-08-31-DSC0730jpg.jpg,
64,14,1,2011-09-01-DSC0527jpg.jpg,
63,14,0,2011-09-01-DSC0526jpg.jpg,
62,14,0,2011-09-01-DSC0525jpg.jpg,
61,14,0,2011-09-01-DSC0523jpg.jpg,
60,14,0,2011-09-01-DSC0522jpg.jpg,
59,14,0,2011-09-01-DSC0521jpg.jpg,
67,14,0,2011-09-01-DSC0528jpg.jpg,
76,15,0,2011-09-01-DSC0537jpg.jpg,
75,15,0,2011-09-01-DSC0536jpg.jpg,
70,15,0,2011-09-01-DSC0531jpg.jpg,
71,15,0,2011-09-01-DSC0532jpg.jpg,
72,15,0,2011-09-01-DSC0533jpg.jpg,
73,15,0,2011-09-01-DSC0534jpg.jpg,
74,15,0,2011-09-01-DSC0535jpg.jpg,
77,15,0,2011-09-01-DSC0538jpg.jpg,
78,15,0,2011-09-01-DSC0539jpg.jpg,
79,15,0,2011-09-01-DSC0540jpg.jpg,
80,15,0,2011-09-01-DSC0541jpg.jpg,
81,15,0,2011-09-01-DSC0542jpg.jpg,
82,15,0,2011-09-01-DSC0543jpg.jpg,
83,15,0,2011-09-01-DSC0544jpg.jpg,
84,15,0,2011-09-01-DSC0545jpg.jpg,
86,1,1,2011-09-01-DSC0546jpg.jpg,
87,1,2,2011-09-01-DSC0547jpg.jpg,
88,1,3,2011-09-01-DSC0548jpg.jpg,
89,1,5,2011-09-01-DSC0549jpg.jpg,
90,1,6,2011-09-01-DSC0550jpg.jpg,
91,1,7,2011-09-01-DSC0551jpg.jpg,
96,2,0,2011-09-02-DSC0580jpg.jpg,
95,2,0,2011-09-02-DSC0579jpg.jpg,
94,2,0,2011-09-02-DSC0578jpg.jpg,
97,2,0,2011-09-02-DSC0581jpg.jpg,
98,17,0,2011-09-02-DSC0582jpg.jpg,
99,17,0,2011-09-02-DSC0583jpg.jpg,
100,17,0,2011-09-02-DSC0584jpg.jpg,
101,17,0,2011-09-02-DSC0585jpg.jpg,
102,17,0,2011-09-02-DSC0586jpg.jpg,
103,17,0,2011-09-02-DSC0587jpg.jpg,
104,17,0,2011-09-02-DSC0588jpg.jpg,
105,17,0,2011-09-02-DSC0589jpg.jpg,
106,17,0,2011-09-02-DSC0590jpg.jpg,
107,17,0,2011-09-02-DSC0591jpg.jpg,
108,17,0,2011-09-02-DSC0592jpg.jpg,
109,17,0,2011-09-02-DSC0593jpg.jpg,
110,17,0,2011-09-02-DSC0594jpg.jpg,
111,17,0,2011-09-02-DSC0595jpg.jpg,
112,17,0,2011-09-02-DSC0596jpg.jpg,
113,17,0,2011-09-02-DSC0597jpg.jpg,
114,17,0,2011-09-02-DSC0598jpg.jpg,
117,18,0,2011-09-06-DSC0626jpg.jpg,
118,18,0,2011-09-06-DSC0627jpg.jpg,
126,18,0,2011-09-06-DSC0636jpg.jpg,
120,18,0,2011-09-06-DSC0630jpg.jpg,
121,18,0,2011-09-06-DSC0631jpg.jpg,
122,18,0,2011-09-06-DSC0632jpg.jpg,
123,18,0,2011-09-06-DSC0633jpg.jpg,
124,18,0,2011-09-06-DSC0634jpg.jpg,
125,18,0,2011-09-06-DSC0635jpg.jpg,
127,18,0,2011-09-06-DSC0637jpg.jpg,
128,18,0,2011-09-06-DSC0638jpg.jpg,
129,18,0,2011-09-06-DSC0639jpg.jpg,
130,18,0,2011-09-06-DSC0640jpg.jpg,
131,18,0,2011-09-06-DSC0641jpg.jpg,
132,18,0,2011-09-06-DSC0642jpg.jpg,
133,18,0,2011-09-06-DSC0643jpg.jpg,
134,18,0,2011-09-06-DSC0644jpg.jpg,
135,18,0,2011-09-06-DSC0645jpg.jpg,
136,18,0,2011-09-06-DSC0646jpg.jpg,
137,18,0,2011-09-06-DSC0647jpg.jpg,
138,18,0,2011-09-06-DSC0648jpg.jpg,
139,19,0,2011-11-02-DSC04673jpg.jpg,
157,20,0,2011-11-23-DSC049026jpg.jpg,
142,19,0,2011-11-02-DSC0469jpg.jpg,
143,19,0,2011-11-02-DSC0470jpg.jpg,
144,19,0,2011-11-02-DSC0471jpg.jpg,
145,19,0,2011-11-02-DSC0472jpg.jpg,
146,19,0,2011-11-02-DSC0473jpg.jpg,
147,19,0,2011-11-02-DSC0474jpg.jpg,
148,19,0,2011-11-02-DSC0475jpg.jpg,
149,19,0,2011-11-02-DSC0476jpg.jpg,
150,19,0,2011-11-02-DSC0477jpg.jpg,
151,19,0,2011-11-02-DSC0480jpg.jpg,
152,19,0,2011-11-02-DSC0481jpg.jpg,
153,19,0,2011-11-02-DSC0483jpg.jpg,
154,19,0,2011-11-02-DSC0484jpg.jpg,
155,19,0,2011-11-02-DSC0487jpg.jpg,
156,19,0,2011-11-02-DSC0489jpg.jpg,
158,20,0,2011-11-23-DSC049127jpg.jpg,
159,20,0,2011-11-23-DSC049228jpg.jpg,
160,20,0,2011-11-23-DSC049329jpg.jpg,
161,20,0,2011-11-23-DSC049430jpg.jpg,
162,20,0,2011-11-23-DSC049531jpg.jpg,
163,20,0,2011-11-23-DSC049632jpg.jpg,
164,20,0,2011-11-23-DSC049733jpg.jpg,
165,20,0,2011-11-23-DSC049834jpg.jpg,
166,20,0,2011-11-23-DSC049935jpg.jpg,
167,20,0,2011-11-23-DSC050036jpg.jpg,
168,24,0,2011-11-28-DSC0501jpg.jpg,
169,24,0,2011-11-28-DSC0502jpg.jpg,
170,24,0,2011-11-28-DSC0503jpg.jpg,
171,24,0,2011-11-28-DSC0504jpg.jpg,
172,24,0,2011-11-28-DSC0505jpg.jpg,
173,24,0,2011-11-28-DSC0506jpg.jpg,
174,24,0,2011-11-28-DSC0507jpg.jpg,
175,24,0,2011-11-28-DSC0508jpg.jpg,
176,25,0,2011-12-06-DSC0162jpg.jpg,
177,25,0,2011-12-06-DSC0164jpg.jpg,
178,25,0,2011-12-06-DSC0163jpg.jpg,
179,25,0,2011-12-06-DSC0518jpg.jpg,
180,27,0,2011-12-09-DSC0346jpg.jpg,
183,27,0,2011-12-09-DSC0347jpg.jpg,
182,27,0,2011-12-09-DSC0348jpg.jpg,
184,27,0,2011-12-09-DSC0352jpg.jpg,
185,27,0,2011-12-09-DSC0353jpg.jpg,
186,27,0,2011-12-09-DSC0354jpg.jpg,
187,27,0,2011-12-09-DSC0356jpg.jpg,
188,27,0,2011-12-09-DSC0362jpg.jpg,
189,28,0,2011-12-10-DSC0552jpg.jpg,
191,31,0,2011-12-13-DSC0199jpg.jpg,
192,31,0,2011-12-13-DSC0201jpg.jpg,
193,31,0,2011-12-13-DSC0203jpg.jpg,
194,31,0,2011-12-13-DSC0204jpg.jpg,
195,31,0,2011-12-13-DSC0205jpg.jpg,
196,31,0,2011-12-13-DSC0206jpg.jpg,
197,31,0,2011-12-13-DSC0207jpg.jpg,
198,31,0,2011-12-13-DSC0208jpg.jpg,
199,31,0,2011-12-13-DSC0209jpg.jpg,
200,31,0,2011-12-13-DSC0210jpg.jpg,
201,31,0,2011-12-13-DSC0211jpg.jpg,
202,31,0,2011-12-13-DSC0212jpg.jpg,
203,31,0,2011-12-13-DSC0213jpg.jpg,
204,31,0,2011-12-13-DSC0215jpg.jpg,
205,32,0,2011-12-13-DSC0216jpg.jpg,
206,32,0,2011-12-14-DSC0217jpg.jpg,
207,32,0,2011-12-14-DSC0219jpg.jpg,
208,32,0,2011-12-14-DSC0220jpg.jpg,
209,32,0,2011-12-14-DSC0221jpg.jpg,
214,32,0,2011-12-14-DSC0221jpg.jpg,
213,32,0,2011-12-14-DSC0222jpg.jpg,
219,32,0,2011-12-14-DSC0227jpg.jpg,
215,32,0,2011-12-14-DSC0223jpg.jpg,
218,32,0,2011-12-14-DSC0225jpg.jpg,
217,32,0,2011-12-14-DSC0224jpg.jpg,
220,33,0,2011-12-15-DSC0258jpg.jpg,
221,33,0,2011-12-15-DSC0259jpg.jpg,
222,33,0,2011-12-15-DSC0260jpg.jpg,
223,33,0,2011-12-15-DSC0261jpg.jpg,
224,33,0,2011-12-15-DSC0262jpg.jpg,
225,33,0,2011-12-15-DSC0263jpg.jpg,
226,33,0,2011-12-15-DSC0263jpg.jpg,
230,35,0,2011-12-15-DSC0690jpg.jpg,
229,35,0,2011-12-15-DSC0689jpg.jpg,
231,35,0,2011-12-15-DSC0691jpg.jpg,
232,35,0,2011-12-15-DSC0692jpg.jpg,
233,35,0,2011-12-15-DSC0693jpg.jpg,
234,34,0,2011-12-15-DSC0268jpg.jpg,
235,34,0,2011-12-15-DSC0269jpg.jpg,
236,34,0,2011-12-15-DSC0270jpg.jpg,
237,34,0,2011-12-15-DSC0271jpg.jpg,
238,34,0,2011-12-15-DSC0272jpg.jpg,
239,34,0,2011-12-15-DSC0273jpg.jpg,
240,34,0,2011-12-15-DSC0274jpg.jpg,
241,36,0,2011-12-16-DSC0694jpg.jpg,
242,36,0,2011-12-16-DSC0695jpg.jpg,
243,36,0,2011-12-16-DSC0696jpg.jpg,
244,36,0,2011-12-16-DSC0697jpg.jpg,
245,36,0,2011-12-16-DSC0698jpg.jpg,
246,36,0,2011-12-16-DSC0699jpg.jpg,
247,36,0,2011-12-16-DSC0700jpg.jpg,
248,36,0,2011-12-16-DSC0701jpg.jpg,
249,36,0,2011-12-16-DSC0702jpg.jpg,
250,36,0,2011-12-16-DSC0703jpg.jpg,
251,36,0,2011-12-16-DSC0704jpg.jpg,
252,36,0,2011-12-16-DSC0705jpg.jpg,
253,36,0,2011-12-16-DSC0706jpg.jpg,
254,36,0,2011-12-16-DSC0707jpg.jpg,
255,36,0,2011-12-16-DSC0709jpg.jpg,
256,36,0,2011-12-16-DSC0709jpg.jpg,
257,39,0,2011-12-16-DSC0710jpg.jpg,
258,39,0,2011-12-16-DSC0711jpg.jpg,
259,39,0,2011-12-16-DSC0712jpg.jpg,
260,39,0,2011-12-16-DSC0713jpg.jpg,
261,39,0,2011-12-16-DSC0714jpg.jpg,
262,39,0,2011-12-16-DSC0715jpg.jpg,
263,39,0,2011-12-16-DSC0716jpg.jpg,
264,39,0,2011-12-16-DSC0717jpg.jpg,
265,39,0,2011-12-16-DSC0718jpg.jpg,
266,39,0,2011-12-16-DSC0719jpg.jpg,
267,39,0,2011-12-16-DSC0720jpg.jpg,
268,39,0,2011-12-16-DSC0721jpg.jpg,
269,39,0,2011-12-16-DSC0722jpg.jpg,
270,39,0,2011-12-16-DSC0723jpg.jpg,
271,38,0,2011-12-16-DSC0277jpg.jpg,
272,38,0,2011-12-16-DSC0278jpg.jpg,
276,38,0,2011-12-16-DSC0279jpg.jpg,
277,38,0,2011-12-16-DSC0280jpg.jpg,
278,38,0,2011-12-16-DSC0281jpg.jpg,
279,38,0,2011-12-16-DSC0282jpg.jpg,
280,38,0,2011-12-16-DSC0283jpg.jpg,
281,41,0,2011-12-19-DSC0724jpg.jpg,
282,41,0,2011-12-19-DSC0725jpg.jpg,
283,41,0,2011-12-19-DSC0726jpg.jpg,
284,41,0,2011-12-19-DSC0727jpg.jpg,
285,41,0,2011-12-19-DSC0728jpg.jpg,
286,41,0,2011-12-19-DSC0729jpg.jpg,
287,40,0,2011-12-19-DSC0293jpg.jpg,
288,40,0,2011-12-19-DSC0298jpg.jpg,
289,40,0,2011-12-19-DSC0297jpg.jpg,
290,40,0,2011-12-19-DSC0296jpg.jpg,
291,40,0,2011-12-19-DSC0295jpg.jpg,
292,40,0,2011-12-19-DSC0294jpg.jpg,
293,40,0,2011-12-19-DSC0304jpg.jpg,
294,40,0,2011-12-19-DSC0307jpg.jpg,
296,42,0,2011-12-20-DSC0741jpg.jpg,
297,42,0,2011-12-20-DSC0742jpg.jpg,
298,42,0,2011-12-20-DSC0743jpg.jpg,
299,42,0,2011-12-20-DSC0744jpg.jpg,
300,42,0,2011-12-20-DSC0745jpg.jpg,
301,42,0,2011-12-20-DSC0746jpg.jpg,
302,43,0,2011-12-20-DSC0318jpg.jpg,
303,43,0,2011-12-20-DSC0319jpg.jpg,
304,43,0,2011-12-20-DSC0320jpg.jpg,
305,43,0,2011-12-20-DSC0321jpg.jpg,
306,43,0,2011-12-20-DSC0322jpg.jpg,
307,43,0,2011-12-20-DSC0323jpg.jpg,
308,43,0,2011-12-20-DSC0324jpg.jpg,
309,43,0,2011-12-20-DSC0325jpg.jpg,
310,43,0,2011-12-20-DSC0326jpg.jpg,
311,43,0,2011-12-20-DSC0327jpg.jpg,
312,43,0,2011-12-20-DSC0328jpg.jpg,
313,43,0,2011-12-20-DSC0329jpg.jpg,
314,43,0,2011-12-20-DSC0330jpg.jpg,
315,43,0,2011-12-20-DSC0331jpg.jpg,
316,43,0,2011-12-20-DSC0332jpg.jpg,
317,42,0,2011-12-20-DSC0747jpg.jpg,
318,42,0,2011-12-20-DSC0748jpg.jpg,
319,42,0,2011-12-20-DSC0749jpg.jpg,
320,42,0,2011-12-20-DSC0750jpg.jpg,
321,42,0,2011-12-20-DSC0751jpg.jpg,
322,42,0,2011-12-20-DSC0752jpg.jpg,
323,42,0,2011-12-20-DSC0753jpg.jpg,
324,42,0,2011-12-20-DSC0754jpg.jpg,
325,42,0,2011-12-20-DSC0755jpg.jpg,
326,42,0,2011-12-20-DSC0756jpg.jpg,
327,42,0,2011-12-20-DSC0757jpg.jpg,
328,45,0,2011-12-20-DSC0758jpg.jpg,
329,42,0,2011-12-20-DSC0758jpg.jpg,
330,42,0,2011-12-20-DSC0759jpg.jpg,
331,42,0,2011-12-20-DSC0760jpg.jpg,
338,46,0,2011-12-20-DSC0763jpg.jpg,
337,46,0,2011-12-20-DSC0762jpg.jpg,
336,46,0,2011-12-20-DSC0761jpg.jpg,
339,46,0,2011-12-20-DSC0764jpg.jpg,
340,46,0,2011-12-20-DSC0765jpg.jpg,
341,46,0,2011-12-20-DSC0766jpg.jpg,
342,46,0,2011-12-20-DSC0767jpg.jpg,
343,46,0,2011-12-20-DSC0768jpg.jpg,
344,46,0,2011-12-20-DSC0769jpg.jpg,
345,46,0,2011-12-20-DSC0770jpg.jpg,
347,46,0,2011-12-20-DSC0763bearb2jpg.jpg,
348,49,0,2011-12-21-DSC0333jpg.jpg,
349,49,0,2011-12-21-DSC0334jpg.jpg,
350,49,0,2011-12-21-DSC0335jpg.jpg,
351,49,0,2011-12-21-DSC0336jpg.jpg,
352,49,0,2011-12-21-DSC0337jpg.jpg,
353,49,0,2011-12-21-DSC0338jpg.jpg,
354,49,0,2011-12-21-DSC0339jpg.jpg,
355,49,0,2011-12-21-DSC0340jpg.jpg,
356,49,0,2011-12-21-DSC0341jpg.jpg,
357,49,0,2011-12-21-DSC0342jpg.jpg,
358,49,0,2011-12-21-DSC0343jpg.jpg,
359,49,0,2011-12-21-DSC0344jpg.jpg,
360,49,0,2011-12-21-DSC0345jpg.jpg,
361,50,0,2011-12-21-DSC0771jpg.jpg,
362,50,0,2011-12-21-DSC0772jpg.jpg,
363,50,0,2011-12-21-DSC0773jpg.jpg,
364,50,0,2011-12-21-DSC0774jpg.jpg,
365,50,0,2011-12-21-DSC0775jpg.jpg,
366,50,0,2011-12-21-DSC0776jpg.jpg,
367,50,0,2011-12-21-DSC0777jpg.jpg,
368,50,0,2011-12-21-DSC0778jpg.jpg,
369,50,0,2011-12-21-DSC0779jpg.jpg,
370,50,0,2011-12-21-DSC0780jpg.jpg,
371,51,0,2011-12-21-DSC0504jpg.jpg,
372,51,0,2011-12-21-DSC0505jpg.jpg,
373,51,0,2011-12-21-DSC0506jpg.jpg,
374,51,0,2011-12-21-DSC0507jpg.jpg,
375,51,0,2011-12-21-DSC0508jpg.jpg,
376,51,0,2011-12-21-DSC0509jpg.jpg,
377,51,0,2011-12-21-DSC0510jpg.jpg,
378,51,0,2011-12-21-DSC0511jpg.jpg,
379,51,0,2011-12-21-DSC0512jpg.jpg,
380,51,0,2011-12-21-DSC0513jpg.jpg,
381,51,0,2011-12-21-DSC0514jpg.jpg,
382,51,0,2011-12-21-DSC0515jpg.jpg,
383,50,0,2011-12-21-DSC0781jpg.jpg,
384,51,0,2011-12-21-DSC0516jpg.jpg,
385,50,0,2011-12-21-DSC0782jpg.jpg,
386,51,0,2011-12-21-DSC0517jpg.jpg,
387,50,0,2011-12-21-DSC0775redjpg.jpg,
388,52,0,2011-12-22-DSC0416jpg.jpg,
389,52,0,2011-12-22-DSC0417jpg.jpg,
390,52,0,2011-12-22-DSC0418jpg.jpg,
391,52,0,2011-12-22-DSC0419jpg.jpg,
392,52,0,2011-12-22-DSC0420jpg.jpg,
393,52,0,2011-12-22-DSC0421jpg.jpg,
394,52,0,2011-12-22-DSC0422jpg.jpg,
395,52,0,2011-12-22-DSC0423jpg.jpg,
396,52,0,2011-12-22-DSC0424jpg.jpg,
397,52,0,2011-12-22-DSC0425jpg.jpg,
398,52,0,2011-12-22-DSC0427jpg.jpg,
399,52,0,2011-12-22-DSC0428jpg.jpg,
410,53,0,2011-12-29-DSC0784jpg.jpg,
401,52,0,2011-12-22-DSC0429jpg.jpg,
402,52,0,2011-12-22-DSC0430jpg.jpg,
403,52,0,2011-12-22-DSC0431jpg.jpg,
404,52,0,2011-12-22-DSC0432jpg.jpg,
405,52,0,2011-12-22-DSC0433jpg.jpg,
409,53,0,2011-12-29-DSC0783jpg.jpg,
407,52,0,2011-12-22-DSC0434jpg.jpg,
408,52,0,2011-12-22-DSC0435jpg.jpg,
411,53,0,2011-12-29-DSC0785jpg.jpg,
412,53,0,2011-12-29-DSC0786jpg.jpg,
413,53,0,2011-12-29-DSC0787jpg.jpg,
414,53,0,2011-12-29-DSC0788jpg.jpg,
415,53,0,2011-12-29-DSC0789jpg.jpg,
416,53,0,2011-12-29-DSC0790jpg.jpg,
417,53,0,2011-12-29-DSC0791jpg.jpg,
418,53,0,2011-12-29-DSC0792jpg.jpg,
419,53,1,2011-12-29-DSC0788bearbjpg.jpg,
420,54,0,2011-12-29-DSC0793jpg.jpg,
421,54,0,2011-12-29-DSC0794jpg.jpg,
422,54,0,2011-12-29-DSC0795jpg.jpg,
423,54,0,2011-12-29-DSC0796jpg.jpg,
424,54,0,2011-12-29-DSC0797jpg.jpg,
425,54,0,2011-12-29-DSC0798jpg.jpg,
426,54,0,2011-12-29-DSC0799jpg.jpg,
427,54,0,2011-12-29-DSC0800jpg.jpg,
428,54,0,2011-12-29-DSC0801jpg.jpg,
429,54,0,2011-12-29-DSC0802jpg.jpg,
430,54,0,2011-12-29-DSC0803jpg.jpg,
431,54,0,2011-12-29-DSC0804jpg.jpg,
432,54,0,2011-12-29-DSC0805jpg.jpg,
433,54,0,2011-12-29-DSC0806jpg.jpg,
434,54,0,2011-12-29-DSC0807jpg.jpg,
435,54,0,2011-12-29-DSC0808jpg.jpg,
436,54,0,2011-12-29-DSC0809jpg.jpg,
437,54,0,2011-12-29-DSC0810jpg.jpg,
438,54,0,2011-12-29-DSC0811jpg.jpg,
439,54,0,2011-12-29-DSC0793bearbjpg.jpg,
440,55,0,2012-01-02-DSC0387jpg.jpg,
441,55,0,2012-01-02-DSC0388jpg.jpg,
442,55,0,2012-01-02-DSC0389jpg.jpg,
443,55,0,2012-01-02-DSC0390jpg.jpg,
444,55,0,2012-01-02-DSC0391jpg.jpg,
445,55,0,2012-01-02-DSC0391jpg.jpg,
446,55,0,2012-01-02-DSC0392jpg.jpg,
447,55,0,2012-01-02-DSC0394jpg.jpg,
448,55,0,2012-01-02-DSC0395jpg.jpg,
449,55,0,2012-01-02-DSC0395jpg.jpg,
450,55,0,2012-01-02-DSC0396jpg.jpg,
451,55,0,2012-01-02-DSC0397jpg.jpg,
452,55,0,2012-01-02-DSC0398jpg.jpg,
453,56,0,2012-01-02-DSC0188jpg.jpg,
454,57,6,2012-01-02-DSC0833jpg.jpg,
455,57,8,2012-01-02-DSC0834jpg.jpg,
456,57,10,2012-01-02-DSC0835jpg.jpg,
457,57,27,2012-01-02-DSC0836jpg.jpg,
458,57,5,2012-01-02-DSC0837jpg.jpg,
459,57,7,2012-01-02-DSC0838jpg.jpg,
460,57,9,2012-01-02-DSC0838jpg.jpg,
461,57,25,2012-01-02-DSC0839jpg.jpg,
462,57,11,2012-01-02-DSC0840jpg.jpg,
463,57,12,2012-01-02-DSC0841jpg.jpg,
464,57,28,2012-01-02-DSC0842jpg.jpg,
465,57,13,2012-01-02-DSC0844jpg.jpg,
466,57,14,2012-01-02-DSC0845jpg.jpg,
467,57,1,2012-01-02-DSC0846jpg.jpg,
468,57,2,2012-01-02-DSC0847jpg.jpg,
482,57,4,2012-01-02-DSC0833bearbjpg.jpg,
470,57,3,2012-01-02-DSC0849jpg.jpg,
471,57,26,2012-01-02-DSC0850jpg.jpg,
472,57,15,2012-01-02-DSC0851jpg.jpg,
473,57,16,2012-01-02-DSC0852jpg.jpg,
474,57,17,2012-01-02-DSC0853jpg.jpg,
475,57,18,2012-01-02-DSC0854jpg.jpg,
476,57,19,2012-01-02-DSC0855jpg.jpg,
477,57,20,2012-01-02-DSC0856jpg.jpg,
478,57,21,2012-01-02-DSC0857jpg.jpg,
479,57,22,2012-01-02-DSC0858jpg.jpg,
480,57,23,2012-01-02-DSC0858jpg.jpg,
481,57,24,2012-01-02-DSC0859jpg.jpg,
483,56,0,2012-01-03-DSC0189jpg.jpg,
484,56,0,2012-01-03-DSC0190jpg.jpg,
485,56,0,2012-01-03-DSC0191jpg.jpg,
486,56,0,2012-01-03-DSC0192jpg.jpg,
487,56,0,2012-01-03-DSC0193jpg.jpg,
488,56,0,2012-01-03-DSC0194jpg.jpg,
489,56,0,2012-01-03-DSC0195jpg.jpg,
490,56,0,2012-01-03-DSC0196jpg.jpg,
491,56,0,2012-01-03-DSC0197jpg.jpg,
492,56,0,2012-01-03-DSC0198jpg.jpg,
493,56,0,2012-01-03-DSC0199jpg.jpg,
494,56,0,2012-01-03-DSC0200jpg.jpg,
495,56,0,2012-01-03-DSC0201jpg.jpg,
496,56,0,2012-01-03-DSC0202jpg.jpg,
497,56,0,2012-01-03-DSC0203jpg.jpg,
498,56,0,2012-01-03-DSC0204jpg.jpg,
499,56,0,2012-01-03-DSC0205jpg.jpg,
500,56,0,2012-01-03-DSC0206jpg.jpg,
501,56,0,2012-01-03-DSC0207jpg.jpg,
502,56,0,2012-01-03-DSC0208jpg.jpg,
503,56,0,2012-01-03-DSC0209jpg.jpg,
504,56,0,2012-01-03-DSC0210jpg.jpg,
505,56,0,2012-01-03-DSC0211jpg.jpg,
506,56,0,2012-01-03-DSC0212jpg.jpg,
507,58,1,2012-01-03-DSC0860jpg.jpg,
508,58,2,2012-01-03-DSC0861jpg.jpg,
509,58,3,2012-01-03-DSC0862jpg.jpg,
510,58,4,2012-01-03-DSC0863jpg.jpg,
511,58,5,2012-01-03-DSC0864jpg.jpg,
512,58,17,2012-01-03-DSC0865jpg.jpg,
513,58,7,2012-01-03-DSC0866jpg.jpg,
514,58,8,2012-01-03-DSC0867jpg.jpg,
515,58,9,2012-01-03-DSC0868jpg.jpg,
516,58,18,2012-01-03-DSC0869jpg.jpg,
517,58,10,2012-01-03-DSC0870jpg.jpg,
518,58,11,2012-01-03-DSC0871jpg.jpg,
519,58,12,2012-01-03-DSC0872jpg.jpg,
520,58,19,2012-01-03-DSC0873jpg.jpg,
521,58,13,2012-01-03-DSC0874jpg.jpg,
522,58,14,2012-01-03-DSC0875jpg.jpg,
523,58,15,2012-01-03-DSC0876jpg.jpg,
524,58,16,2012-01-03-DSC0877jpg.jpg,
525,58,6,2012-01-03-DSC0862bearbjpg.jpg,
526,59,0,2012-01-03-DSC0879jpg.jpg,
527,59,0,2012-01-03-DSC0880jpg.jpg,
528,59,0,2012-01-03-DSC0880bearbjpg.jpg,
529,1,4,2012-01-04-DSC0547bearbjpg.jpg,
530,60,0,2012-01-04-DSC0552jpg.jpg,
531,60,0,2012-01-04-DSC0553jpg.jpg,
532,60,0,2012-01-04-DSC0554jpg.jpg,
533,60,0,2012-01-04-DSC0555jpg.jpg,
534,60,0,2012-01-04-DSC0556jpg.jpg,
535,60,0,2012-01-04-DSC0557jpg.jpg,
536,60,0,2012-01-04-DSC0558jpg.jpg,
537,60,0,2012-01-04-DSC0559jpg.jpg,
538,60,0,2012-01-04-DSC0560jpg.jpg,
539,60,0,2012-01-04-DSC0561jpg.jpg,
540,60,0,2012-01-04-DSC0562jpg.jpg,
541,60,0,2012-01-04-DSC0563jpg.jpg,
542,60,0,2012-01-04-DSC0564jpg.jpg,
543,60,0,2012-01-04-DSC0565jpg.jpg,
544,60,0,2012-01-04-DSC0555bearbjpg.jpg,
545,60,0,2012-01-04-DSC0554bearbjpg.jpg,
546,61,0,2012-01-05-DSC0228jpg.jpg,
547,61,0,2012-01-05-DSC0229jpg.jpg,
548,61,0,2012-01-05-DSC0230jpg.jpg,
549,61,0,2012-01-05-DSC0231jpg.jpg,
550,61,0,2012-01-05-DSC0232jpg.jpg,
551,61,0,2012-01-05-DSC0233jpg.jpg,
552,61,0,2012-01-05-DSC0234jpg.jpg,
553,61,0,2012-01-05-DSC0235jpg.jpg,
554,61,0,2012-01-05-DSC0236jpg.jpg,
555,61,0,2012-01-05-DSC0237jpg.jpg,
556,61,0,2012-01-05-DSC0238jpg.jpg,
557,61,0,2012-01-05-DSC0239jpg.jpg,
558,61,0,2012-01-05-DSC0240jpg.jpg,
559,61,0,2012-01-05-DSC0241jpg.jpg,
560,61,0,2012-01-05-DSC0242jpg.jpg,
561,61,0,2012-01-05-DSC0243jpg.jpg,
562,61,0,2012-01-05-DSC0244jpg.jpg,
563,61,0,2012-01-05-DSC0245jpg.jpg,
564,61,0,2012-01-05-DSC0246jpg.jpg,
565,61,0,2012-01-05-DSC0247jpg.jpg,
566,61,0,2012-01-05-DSC0234bearbjpg.jpg,
567,62,0,2012-01-05-DSC0888jpg.jpg,
568,62,0,2012-01-09-DSC0889jpg.jpg,
569,62,0,2012-01-09-DSC0890jpg.jpg,
570,62,0,2012-01-09-DSC0891jpg.jpg,
571,62,0,2012-01-09-DSC0892jpg.jpg,
572,62,0,2012-01-09-DSC0893jpg.jpg,
573,62,0,2012-01-09-DSC0894jpg.jpg,
574,62,0,2012-01-09-DSC0895jpg.jpg,
575,62,0,2012-01-09-DSC0896jpg.jpg,
576,62,0,2012-01-09-DSC0897jpg.jpg,
577,62,0,2012-01-09-DSC0898jpg.jpg,
578,62,0,2012-01-09-DSC0899jpg.jpg,
579,62,0,2012-01-09-DSC0900jpg.jpg,
580,62,0,2012-01-09-DSC0901jpg.jpg,
581,62,0,2012-01-09-DSC0902jpg.jpg,
582,62,0,2012-01-09-DSC0903jpg.jpg,
583,63,0,2012-01-09-DSC0906jpg.jpg,
584,63,0,2012-01-09-DSC0908jpg.jpg,
585,63,0,2012-01-09-DSC0910jpg.jpg,
586,63,0,2012-01-09-DSC0912jpg.jpg,
587,63,0,2012-01-09-DSC0913jpg.jpg,
588,63,0,2012-01-09-DSC0914jpg.jpg,
589,63,0,2012-01-09-DSC0915jpg.jpg,
590,65,0,2012-01-09-DSC0260jpg.jpg,
591,65,0,2012-01-09-DSC0261jpg.jpg,
592,65,0,2012-01-09-DSC0262jpg.jpg,
593,65,0,2012-01-09-DSC0263jpg.jpg,
594,65,0,2012-01-09-DSC0264jpg.jpg,
595,65,0,2012-01-09-DSC0265jpg.jpg,
596,65,0,2012-01-09-DSC0266jpg.jpg,
597,65,0,2012-01-09-DSC0267jpg.jpg,
598,65,0,2012-01-09-DSC0268jpg.jpg,
599,65,0,2012-01-09-DSC0269jpg.jpg,
600,65,0,2012-01-09-DSC0270jpg.jpg,
601,65,0,2012-01-09-DSC0271jpg.jpg,
602,65,0,2012-01-09-DSC0272jpg.jpg,
603,65,0,2012-01-09-DSC0273jpg.jpg,
604,65,0,2012-01-09-DSC0274jpg.jpg,
605,65,0,2012-01-09-DSC0275jpg.jpg,
606,65,0,2012-01-09-DSC0276jpg.jpg,
607,65,0,2012-01-09-DSC0277jpg.jpg,
608,65,0,2012-01-09-DSC0278jpg.jpg,
609,65,0,2012-01-09-DSC0279jpg.jpg,
610,65,0,2012-01-09-DSC0280jpg.jpg,
611,65,0,2012-01-09-DSC0281jpg.jpg,
612,65,0,2012-01-09-DSC0282jpg.jpg,
613,65,0,2012-01-09-DSC0283jpg.jpg,
614,65,0,2012-01-09-DSC0284jpg.jpg,
615,65,0,2012-01-09-DSC0285jpg.jpg,
617,65,0,2012-01-09-DSC0261bearbjpg.jpg,
618,63,0,2012-01-10-DSC0917jpg.jpg,
619,63,0,2012-01-10-DSC0919jpg.jpg,
620,63,0,2012-01-10-DSC0920jpg.jpg,
621,63,0,2012-01-10-DSC0921jpg.jpg,
622,63,0,2012-01-10-DSC0922jpg.jpg,
623,63,0,2012-01-10-DSC0924jpg.jpg,
624,63,0,2012-01-10-DSC0928jpg.jpg,
625,63,0,2012-01-10-DSC0929jpg.jpg,
627,66,0,2012-01-10-DSC0937bearbjpg.jpg,
628,66,0,2012-01-11-DSC0938jpg.jpg,
629,66,0,2012-01-11-DSC0939jpg.jpg,
630,66,0,2012-01-11-DSC0940jpg.jpg,
631,66,0,2012-01-11-DSC0941jpg.jpg,
632,66,0,2012-01-11-DSC0942jpg.jpg,
633,66,0,2012-01-11-DSC0944jpg.jpg,
634,66,0,2012-01-11-DSC0945jpg.jpg,
635,66,0,2012-01-11-DSC0947jpg.jpg,
636,66,0,2012-01-11-DSC0949jpg.jpg,
637,66,0,2012-01-11-DSC0956jpg.jpg,
638,67,0,2012-01-11-DSC0960bearbjpg.jpg,
639,67,0,2012-01-11-DSC0960jpg.jpg,
640,67,0,2012-01-11-DSC0961jpg.jpg,
641,67,0,2012-01-11-DSC0962jpg.jpg,
642,67,0,2012-01-11-DSC0963jpg.jpg,
643,67,0,2012-01-11-DSC0964jpg.jpg,
644,67,0,2012-01-11-DSC0965jpg.jpg,
645,67,0,2012-01-11-DSC0966jpg.jpg,
646,68,0,2012-01-11-DSC0969bearb2jpg.jpg,
647,68,0,2012-01-11-DSC0969bearbjpg.jpg,
648,68,0,2012-01-11-DSC0969jpg.jpg,
649,68,0,2012-01-11-DSC0970jpg.jpg,
650,68,0,2012-01-11-DSC0971jpg.jpg,
651,68,0,2012-01-11-DSC0972jpg.jpg,
652,68,0,2012-01-11-DSC0973jpg.jpg,
653,68,0,2012-01-11-DSC0974jpg.jpg,
654,69,0,2012-01-12-DSC0977bearbjpg.jpg,
655,69,0,2012-01-12-DSC0977jpg.jpg,
656,69,0,2012-01-12-DSC0979jpg.jpg,
657,69,0,2012-01-12-DSC0980jpg.jpg,
658,69,0,2012-01-12-DSC0981jpg.jpg,
659,69,0,2012-01-12-DSC0982jpg.jpg,
660,69,0,2012-01-12-DSC0983jpg.jpg,
661,69,0,2012-01-12-DSC0984jpg.jpg,
662,69,0,2012-01-12-DSC0985jpg.jpg,
663,69,0,2012-01-12-DSC0986jpg.jpg,
664,69,0,2012-01-12-DSC0987jpg.jpg,
665,69,0,2012-01-12-DSC0988jpg.jpg,
666,69,0,2012-01-12-DSC0991jpg.jpg,
667,70,0,2012-01-12-DSC0994bearbjpg.jpg,
668,70,0,2012-01-12-DSC0994jpg.jpg,
669,70,0,2012-01-12-DSC0995jpg.jpg,
671,71,0,2012-01-12-DSC0996bearbjpg.jpg,
672,72,0,2012-01-13-DSC0304jpg.jpg,
673,71,0,2012-01-16-DSC0996jpg.jpg,
674,71,0,2012-01-16-DSC0998jpg.jpg,
675,71,0,2012-01-16-DSC0999jpg.jpg,
676,71,0,2012-01-16-DSC1000jpg.jpg,
677,71,0,2012-01-16-DSC1001jpg.jpg,
678,71,0,2012-01-16-DSC0001jpg.jpg,
679,71,0,2012-01-16-DSC0003jpg.jpg,
680,71,0,2012-01-16-DSC0004jpg.jpg,
681,71,0,2012-01-16-DSC0005jpg.jpg,
682,71,0,2012-01-16-DSC0006jpg.jpg,
683,71,0,2012-01-16-DSC0007jpg.jpg,
684,71,0,2012-01-16-DSC0008jpg.jpg,
685,71,0,2012-01-16-DSC0009jpg.jpg,
686,71,0,2012-01-16-DSC0015jpg.jpg,
687,71,0,2012-01-16-DSC0016jpg.jpg,
688,72,0,2012-01-16-DSC0304bearbjpg.jpg,
689,72,0,2012-01-16-DSC0305jpg.jpg,
690,72,0,2012-01-16-DSC0306jpg.jpg,
691,72,0,2012-01-16-DSC0307jpg.jpg,
692,72,0,2012-01-16-DSC0308jpg.jpg,
693,72,0,2012-01-16-DSC0309jpg.jpg,
694,72,0,2012-01-16-DSC0310jpg.jpg,
695,72,0,2012-01-16-DSC0311jpg.jpg,
696,72,0,2012-01-16-DSC0312jpg.jpg,
697,72,0,2012-01-16-DSC0313jpg.jpg,
698,72,0,2012-01-16-DSC0314jpg.jpg,
699,72,0,2012-01-16-DSC0315jpg.jpg,
700,72,0,2012-01-16-DSC0316jpg.jpg,
701,72,0,2012-01-16-DSC0317jpg.jpg,
702,73,0,2012-01-16-DSC0377jpg.jpg,
703,73,0,2012-01-16-DSC0378jpg.jpg,
704,73,0,2012-01-16-DSC0379jpg.jpg,
705,73,0,2012-01-16-DSC0380jpg.jpg,
706,73,0,2012-01-16-DSC0381jpg.jpg,
707,73,0,2012-01-16-DSC0382jpg.jpg,
708,73,0,2012-01-16-DSC0383jpg.jpg,
709,73,0,2012-01-16-DSC0381bearbjpg.jpg,
710,74,0,2012-01-17-DSC0390jpg.jpg,
711,74,0,2012-01-17-DSC0391jpg.jpg,
712,74,0,2012-01-17-DSC0392jpg.jpg,
713,74,0,2012-01-17-DSC0393jpg.jpg,
714,74,0,2012-01-17-DSC0394jpg.jpg,
715,74,0,2012-01-17-DSC0395jpg.jpg,
716,74,0,2012-01-17-DSC0396jpg.jpg,
717,74,0,2012-01-17-DSC0397jpg.jpg,
718,74,0,2012-01-17-DSC0398jpg.jpg,
719,74,0,2012-01-17-DSC0399jpg.jpg,
720,75,0,2012-01-17-DSC0400jpg.jpg,
721,75,0,2012-01-17-DSC0401jpg.jpg,
722,75,0,2012-01-17-DSC0402jpg.jpg,
723,75,0,2012-01-17-DSC0403jpg.jpg,
724,75,0,2012-01-17-DSC0404jpg.jpg,
725,75,0,2012-01-17-DSC0405jpg.jpg,
726,75,0,2012-01-17-DSC0406jpg.jpg,
727,75,0,2012-01-17-DSC0407jpg.jpg,
728,75,0,2012-01-17-DSC0408jpg.jpg,
729,75,0,2012-01-17-DSC0409jpg.jpg,
730,75,0,2012-01-17-DSC0410jpg.jpg,
731,75,0,2012-01-17-DSC0411jpg.jpg,
732,75,0,2012-01-17-DSC0412jpg.jpg,
733,75,0,2012-01-17-DSC0413jpg.jpg,
734,75,0,2012-01-17-DSC0414jpg.jpg,
735,75,0,2012-01-17-DSC0415jpg.jpg,
736,75,0,2012-01-17-DSC0416jpg.jpg,
737,75,0,2012-01-17-DSC0417jpg.jpg,
738,75,0,2012-01-17-DSC0418jpg.jpg,
739,75,0,2012-01-17-DSC0419jpg.jpg,
740,75,0,2012-01-17-DSC0420jpg.jpg,
741,76,0,2012-01-18-DSC0424jpg.jpg,
742,76,0,2012-01-18-DSC0425jpg.jpg,
743,76,0,2012-01-18-DSC0426jpg.jpg,
744,77,0,2012-01-18-DSC0427jpg.jpg,
745,77,0,2012-01-18-DSC0428jpg.jpg,
747,77,0,2012-01-18-DSC0429jpg.jpg,
748,79,0,2012-01-18-DSC0430jpg.jpg,
749,79,0,2012-01-18-DSC0431jpg.jpg,
750,79,0,2012-01-18-DSC0432jpg.jpg,
751,79,0,2012-01-18-DSC0433jpg.jpg,
752,79,0,2012-01-19-DSC0433bearbjpg.jpg,
755,81,0,2012-01-19-DSC0435jpg.jpg,
754,80,1,2012-01-19-DSC0032jpg.jpg,
756,80,0,2012-01-19-DSC0032bearbjpg.jpg,
757,81,0,2012-01-19-DSC0436jpg.jpg,
758,81,0,2012-01-19-DSC0437jpg.jpg,
759,80,2,2012-01-19-DSC0034jpg.jpg,
760,81,0,2012-01-19-DSC0438jpg.jpg,
761,81,0,2012-01-19-DSC0439jpg.jpg,
762,80,3,2012-01-19-DSC0035jpg.jpg,
763,81,0,2012-01-19-DSC0440jpg.jpg,
764,81,0,2012-01-19-DSC0441jpg.jpg,
765,80,4,2012-01-19-DSC0037jpg.jpg,
766,81,0,2012-01-19-DSC0442jpg.jpg,
767,81,0,2012-01-19-DSC0443jpg.jpg,
768,80,5,2012-01-19-DSC0038jpg.jpg,
769,81,0,2012-01-19-DSC0444jpg.jpg,
770,81,0,2012-01-19-DSC0445jpg.jpg,
771,80,6,2012-01-19-DSC0039jpg.jpg,
772,81,0,2012-01-19-DSC0446jpg.jpg,
773,80,7,2012-01-19-DSC0040jpg.jpg,
774,81,0,2012-01-19-DSC0447jpg.jpg,
775,80,8,2012-01-19-DSC0041jpg.jpg,
776,82,0,2012-01-24-DSC0046bearbjpg.jpg,
777,82,0,2012-01-24-DSC0045jpg.jpg,
778,82,0,2012-01-24-DSC0046jpg.jpg,
779,82,0,2012-01-24-DSC0049jpg.jpg,
780,82,0,2012-01-24-DSC0050jpg.jpg,
781,82,0,2012-01-24-DSC0052jpg.jpg,
782,82,0,2012-01-24-DSC0053jpg.jpg,
783,82,0,2012-01-24-DSC0054jpg.jpg,
784,82,0,2012-01-24-DSC0056jpg.jpg,
785,82,0,2012-01-24-DSC0057jpg.jpg,
786,82,0,2012-01-24-DSC0058jpg.jpg,
787,82,0,2012-01-24-DSC0059jpg.jpg,
788,82,0,2012-01-24-DSC0060jpg.jpg,
789,82,0,2012-01-24-DSC0061jpg.jpg,
790,82,0,2012-01-24-DSC0062jpg.jpg,
791,82,0,2012-01-24-DSC0063jpg.jpg,
792,83,0,2012-01-26-DSC0079bearbjpg.jpg,
793,83,0,2012-01-26-DSC0079jpg.jpg,
794,83,0,2012-01-26-DSC0080jpg.jpg,
795,83,0,2012-01-26-DSC0083jpg.jpg,
796,83,0,2012-01-26-DSC0086jpg.jpg,
797,83,0,2012-01-26-DSC0087jpg.jpg,
798,83,0,2012-01-26-DSC0088jpg.jpg,
799,83,0,2012-01-26-DSC0089jpg.jpg,
800,83,0,2012-01-26-DSC0090jpg.jpg,
801,83,0,2012-01-26-DSC0091jpg.jpg,
802,84,0,2012-01-26-DSC0092bearbjpg.jpg,
803,84,0,2012-01-26-DSC0092jpg.jpg,
804,84,0,2012-01-26-DSC0093jpg.jpg,
805,84,0,2012-01-26-DSC0095jpg.jpg,
806,84,0,2012-01-26-DSC0095jpg.jpg,
807,84,0,2012-01-26-DSC0097jpg.jpg,
808,84,0,2012-01-26-DSC0096jpg.jpg,
809,84,0,2012-01-26-DSC0098jpg.jpg,
810,84,0,2012-01-26-DSC0099jpg.jpg,
811,84,0,2012-01-26-DSC0100jpg.jpg,
812,85,0,2012-02-02-DSC0102bearbjpg.jpg,
813,85,0,2012-02-02-DSC0102jpg.jpg,
814,85,0,2012-02-02-DSC0103jpg.jpg,
815,85,0,2012-02-02-DSC0104jpg.jpg,
816,85,0,2012-02-02-DSC0105jpg.jpg,
817,85,0,2012-02-02-DSC0106jpg.jpg,
818,85,0,2012-02-02-DSC0107jpg.jpg,
819,85,0,2012-02-02-DSC0108jpg.jpg,
820,85,0,2012-02-02-DSC0109jpg.jpg,
821,85,0,2012-02-02-DSC0110jpg.jpg,
822,85,0,2012-02-02-DSC0111jpg.jpg,
823,87,0,2012-02-03-DSC0113bearbjpg.jpg,
824,87,0,2012-02-03-DSC0112jpg.jpg,
825,87,0,2012-02-03-DSC0114jpg.jpg,
826,87,0,2012-02-03-DSC0116jpg.jpg,
827,87,0,2012-02-03-DSC0117jpg.jpg,
828,87,0,2012-02-03-DSC0118jpg.jpg,
829,87,0,2012-02-03-DSC0119jpg.jpg,
830,87,0,2012-02-03-DSC0120jpg.jpg,
831,87,0,2012-02-03-DSC0121jpg.jpg,
832,87,0,2012-02-03-DSC0122jpg.jpg,
833,87,0,2012-02-03-DSC0123jpg.jpg,
834,88,0,2012-02-06-DSC0124bearbjpg.jpg,
835,88,0,2012-02-06-DSC0124jpg.jpg,
836,88,0,2012-02-06-DSC0125jpg.jpg,
837,88,0,2012-02-06-DSC0126jpg.jpg,
838,88,0,2012-02-06-DSC0127jpg.jpg,
839,88,0,2012-02-06-DSC0128jpg.jpg,
840,88,0,2012-02-06-DSC0129jpg.jpg,
841,88,0,2012-02-06-DSC0130jpg.jpg,
842,88,0,2012-02-06-DSC0131jpg.jpg,
843,88,0,2012-02-06-DSC0132jpg.jpg,
858,90,0,2012-02-24-DSC0246jpg.jpg,
857,90,0,2012-02-24-DSC0245bearbjpg.jpg,
856,89,0,2012-02-15-DSC0458jpg.jpg,
855,89,0,2012-02-15-DSC0457jpg.jpg,
854,89,0,2012-02-15-DSC0456jpg.jpg,
853,89,0,2012-02-15-DSC0455jpg.jpg,
852,89,0,2012-02-15-DSC0454jpg.jpg,
859,90,0,2012-02-24-DSC0247jpg.jpg,
860,90,0,2012-02-24-DSC0248jpg.jpg,
861,90,0,2012-02-24-DSC0249jpg.jpg,
862,90,0,2012-02-24-DSC0250jpg.jpg,
863,90,0,2012-02-24-DSC0251jpg.jpg,
864,90,0,2012-02-24-DSC0252jpg.jpg,
865,90,0,2012-02-24-DSC0253jpg.jpg,
866,90,0,2012-02-24-DSC0254jpg.jpg,
867,90,0,2012-02-24-DSC0257jpg.jpg,
868,91,0,2012-02-24-DSC0149bearbjpg.jpg,
869,91,0,2012-02-24-DSC0149jpg.jpg,
870,91,0,2012-02-24-DSC0151jpg.jpg,
871,91,0,2012-02-24-DSC0152jpg.jpg,
872,91,0,2012-02-24-DSC0153jpg.jpg,
873,91,0,2012-02-28-DSC0154jpg.jpg,
874,91,0,2012-02-28-DSC0155jpg.jpg,
875,91,0,2012-02-28-DSC0156jpg.jpg,
876,92,0,2012-03-13-DSC0158bearbjpg.jpg,
877,92,0,2012-03-13-DSC0158jpg.jpg,
878,92,0,2012-03-13-DSC0161jpg.jpg,
879,92,0,2012-03-13-DSC0162jpg.jpg,
880,92,0,2012-03-13-DSC0163jpg.jpg,
881,92,0,2012-03-13-DSC0164jpg.jpg,
882,92,0,2012-03-13-DSC0165jpg.jpg,
883,92,0,2012-03-13-DSC0166jpg.jpg,
884,94,0,2012-03-19-DSC0006jpg.jpg,
885,94,0,2012-03-19-DSC0007jpg.jpg,
886,94,0,2012-03-19-DSC0008jpg.jpg,
887,94,0,2012-03-19-DSC0006bearbjpg.jpg,
888,95,0,2012-03-19-DSC0004jpg.jpg,
889,95,0,2012-03-19-DSC0005jpg.jpg,
890,95,0,2012-03-19-DSC0005redjpg.jpg,
891,96,0,2012-03-19-DSC0011jpg.jpg,
892,96,0,2012-03-19-DSC0011bearbjpg.jpg,
893,96,0,2012-03-19-DSC0012jpg.jpg,
894,96,0,2012-03-19-DSC0013jpg.jpg,
895,96,0,2012-03-19-DSC0014jpg.jpg,
896,96,0,2012-03-19-DSC0015jpg.jpg,
897,96,0,2012-03-19-DSC0016jpg.jpg,
898,96,0,2012-03-19-DSC0017jpg.jpg,
899,96,0,2012-03-19-DSC0018jpg.jpg,
900,96,0,2012-03-19-DSC0019jpg.jpg,
901,96,0,2012-03-19-DSC0020jpg.jpg,
902,96,0,2012-03-19-DSC0021jpg.jpg,
903,96,0,2012-03-19-DSC0022jpg.jpg,
904,98,0,2012-03-19-DSC0207jpg.jpg,
905,98,0,2012-03-19-DSC0208jpg.jpg,
906,98,0,2012-03-19-DSC0209jpg.jpg,
907,98,0,2012-03-19-DSC0210jpg.jpg,
908,98,0,2012-03-19-DSC0211jpg.jpg,
909,98,0,2012-03-19-DSC0212jpg.jpg,
910,98,0,2012-03-19-DSC0212jpg.jpg,
911,98,0,2012-03-19-DSC0213jpg.jpg,
912,98,0,2012-03-19-DSC0214jpg.jpg,
913,97,0,2012-03-19-DSC0167bearbjpg.jpg,
914,97,0,2012-03-19-DSC0167jpg.jpg,
915,97,0,2012-03-19-DSC0168jpg.jpg,
916,97,0,2012-03-19-DSC0169jpg.jpg,
917,98,0,2012-03-19-DSC0208bearbjpg.jpg,
918,97,0,2012-03-19-DSC0170jpg.jpg,
919,97,0,2012-03-19-DSC0171jpg.jpg,
920,97,0,2012-03-19-DSC0172jpg.jpg,
921,97,0,2012-03-19-DSC0173jpg.jpg,
922,97,0,2012-03-19-DSC0174jpg.jpg,
923,97,0,2012-03-19-DSC0175jpg.jpg,
924,97,0,2012-03-19-DSC0175jpg.jpg,
925,97,0,2012-03-19-DSC0176jpg.jpg,
926,97,0,2012-03-19-DSC0177jpg.jpg,
927,97,0,2012-03-19-DSC0178jpg.jpg,
928,97,0,2012-03-19-DSC0179jpg.jpg,
929,97,0,2012-03-19-DSC0179jpg.jpg,
930,97,0,2012-03-19-DSC0180jpg.jpg,
931,97,0,2012-03-19-DSC0181jpg.jpg,
932,97,0,2012-03-20-DSC0182jpg.jpg,
933,97,0,2012-03-20-DSC0183jpg.jpg,
934,97,0,2012-03-20-DSC0184jpg.jpg,
935,97,0,2012-03-20-DSC0185jpg.jpg,
936,97,0,2012-03-20-DSC0186jpg.jpg,
937,97,0,2012-03-20-DSC0187jpg.jpg,
938,100,0,2012-03-20-DSC0509bearbjpg.jpg,
939,100,0,2012-03-20-DSC0509jpg.jpg,
940,100,0,2012-03-20-DSC0510jpg.jpg,
941,100,0,2012-03-20-DSC0511jpg.jpg,
942,100,0,2012-03-20-DSC0512jpg.jpg,
943,100,0,2012-03-20-DSC0513jpg.jpg,
944,100,0,2012-03-20-DSC0514jpg.jpg,
945,100,0,2012-03-20-DSC0515jpg.jpg,
946,101,0,2012-03-21-DSC0517bearbjpg.jpg,
947,101,0,2012-03-21-DSC0518jpg.jpg,
948,101,0,2012-03-21-DSC0519jpg.jpg,
949,101,0,2012-03-21-DSC0520jpg.jpg,
950,101,0,2012-03-21-DSC0522jpg.jpg,
951,101,0,2012-03-21-DSC0523jpg.jpg,
952,101,0,2012-03-21-DSC0517bearb2jpg.jpg,
953,102,0,2012-03-21-DSC0564jpg.jpg,
954,102,0,2012-03-21-DSC0565jpg.jpg,
955,102,0,2012-03-21-DSC0566jpg.jpg,
956,102,0,2012-03-21-DSC0567jpg.jpg,
957,102,0,2012-03-21-DSC0568jpg.jpg,
958,102,0,2012-03-21-DSC0569jpg.jpg,
959,102,0,2012-03-21-DSC0570jpg.jpg,
960,102,0,2012-03-21-DSC0571jpg.jpg,
961,102,0,2012-03-21-DSC0572jpg.jpg,
962,103,0,2012-03-21-DSC0574bearbjpg.jpg,
963,103,0,2012-03-21-DSC0573jpg.jpg,
964,103,0,2012-03-21-DSC0575jpg.jpg,
965,103,0,2012-03-21-DSC0576jpg.jpg,
966,103,0,2012-03-21-DSC0577jpg.jpg,
967,103,0,2012-03-21-DSC0578jpg.jpg,
968,103,0,2012-03-21-DSC0579jpg.jpg,
969,103,0,2012-03-21-DSC0580jpg.jpg,
970,103,0,2012-03-21-DSC0581jpg.jpg,
971,103,0,2012-03-21-DSC0582jpg.jpg,
972,103,0,2012-03-21-DSC0583jpg.jpg,
973,103,0,2012-03-21-DSC0584jpg.jpg,
974,104,0,2012-03-21-DSC0586bearbjpg.jpg,
975,104,0,2012-03-21-DSC0586jpg.jpg,
976,104,0,2012-03-21-DSC0587jpg.jpg,
977,104,0,2012-03-21-DSC0588jpg.jpg,
978,104,0,2012-03-21-DSC0589jpg.jpg,
980,105,0,2012-03-22-DSC0610jpg.jpg,
981,105,0,2012-03-22-DSC0611jpg.jpg,
982,106,0,2012-03-22-DSC0622bearbjpg.jpg,
983,106,0,2012-03-22-DSC0620jpg.jpg,
984,106,0,2012-03-22-DSC0621jpg.jpg,
987,106,0,2012-03-22-DSC0622jpg.jpg,
986,106,0,2012-03-22-DSC0623jpg.jpg,
988,107,0,2012-03-22-DSC0624bearbjpg.jpg,
989,107,0,2012-03-22-DSC0624jpg.jpg,
990,107,0,2012-03-22-DSC0625jpg.jpg,
991,107,0,2012-03-22-DSC0626jpg.jpg,
992,107,0,2012-03-22-DSC0627jpg.jpg,
993,109,0,2012-03-22-DSC0370jpg.jpg,
994,109,0,2012-03-22-DSC0371jpg.jpg,
995,109,0,2012-03-22-DSC0372jpg.jpg,
996,109,0,2012-03-22-DSC0373jpg.jpg,
997,110,0,2012-03-22-DSC0370jpg.jpg,
998,110,0,2012-03-22-DSC0374jpg.jpg,
999,110,0,2012-03-22-DSC0375jpg.jpg,
1000,111,0,2012-03-22-DSC0421bearbjpg.jpg,
1001,111,0,2012-03-22-DSC0421jpg.jpg,
1002,111,0,2012-03-22-DSC0422jpg.jpg,
1003,111,0,2012-03-22-DSC0423jpg.jpg,
1004,111,0,2012-03-22-DSC0424jpg.jpg,
1005,111,0,2012-03-22-DSC0425jpg.jpg,
1006,111,0,2012-03-22-DSC0426jpg.jpg,
1007,111,0,2012-03-22-DSC0427jpg.jpg,
1008,111,0,2012-03-22-DSC0428jpg.jpg,
1009,112,0,2012-05-08-DSC0595jpg.jpg,
1010,112,0,2012-05-08-DSC0596jpg.jpg,
1011,112,0,2012-05-08-DSC0597jpg.jpg,
1012,112,0,2012-05-08-DSC0598jpg.jpg,
1013,113,0,2012-05-08-DSC0630jpg.jpg,
1014,113,0,2012-05-08-DSC0631jpg.jpg,
1015,113,0,2012-05-08-DSC0632jpg.jpg,
1016,113,0,2012-05-08-DSC0633jpg.jpg,
1017,113,0,2012-05-08-DSC0634jpg.jpg,
1018,113,0,2012-05-08-DSC0635jpg.jpg,
1019,113,0,2012-05-08-DSC0636jpg.jpg,
1020,113,0,2012-05-08-DSC0637jpg.jpg,
1021,113,0,2012-05-08-DSC0638jpg.jpg,
1022,113,0,2012-05-08-DSC0639jpg.jpg,
1023,113,0,2012-05-08-DSC0640jpg.jpg,
1024,114,0,2012-05-08-DSC0939jpg.jpg,
1025,114,0,2012-05-08-DSC0940jpg.jpg,
1026,114,0,2012-05-08-DSC0941jpg.jpg,
1027,114,0,2012-05-08-DSC0942jpg.jpg,
1028,115,0,2012-05-08-DSC0948jpg.jpg,
1029,115,0,2012-05-08-DSC0952jpg.jpg,
1030,115,0,2012-05-08-DSC0953jpg.jpg,
1031,115,0,2012-05-08-DSC0954jpg.jpg,
1032,116,0,2012-05-08-DSC0876jpg.jpg,
1033,116,0,2012-05-08-DSC0879jpg.jpg,
1034,116,0,2012-05-08-DSC0880jpg.jpg,
1035,116,0,2012-05-08-DSC0881jpg.jpg,
1036,118,0,2012-05-09-DSC0882jpg.jpg,
1037,118,0,2012-05-09-DSC0883jpg.jpg,
1038,118,0,2012-05-09-DSC0883jpg.jpg,
1039,118,0,2012-05-09-DSC0885jpg.jpg,
1040,118,0,2012-05-09-DSC0887jpg.jpg,
1041,118,0,2012-05-09-DSC0889jpg.jpg,
1042,118,0,2012-05-09-DSC0891jpg.jpg,
1043,119,0,2012-05-09-DSC0610jpg.jpg,
1044,119,0,2012-05-09-DSC0609jpg.jpg,
1045,122,0,2012-05-09-DSC0604bearbjpg.jpg,
1046,122,0,2012-05-09-DSC0599jpg.jpg,
1047,122,0,2012-05-09-DSC0600jpg.jpg,
1048,122,0,2012-05-09-DSC0602jpg.jpg,
1049,122,0,2012-05-09-DSC0604jpg.jpg,
1050,122,0,2012-05-09-DSC0605jpg.jpg,
1054,123,0,2012-05-09-DSC0056jpg.jpg,
1053,122,0,2012-05-09-DSC0612jpg.jpg,
1055,123,0,2012-05-09-DSC0057jpg.jpg,
1056,124,0,2012-05-10-DSC0059jpg.jpg,
1057,124,0,2012-05-10-DSC0060jpg.jpg,
1058,124,0,2012-05-10-DSC0061jpg.jpg,
1059,124,0,2012-05-10-DSC0062jpg.jpg,
1060,124,0,2012-05-10-DSC0063jpg.jpg,
1061,125,0,2012-05-10-DSC0581jpg.jpg,
1062,125,0,2012-05-10-DSC0582jpg.jpg,
1063,126,0,2012-05-10-DSC0068jpg.jpg,
1064,126,0,2012-05-10-DSC0069jpg.jpg,
1065,126,0,2012-05-10-DSC0070jpg.jpg,
1066,126,0,2012-05-10-DSC0071jpg.jpg,
1067,126,0,2012-05-10-DSC0072jpg.jpg,
1068,126,0,2012-05-10-DSC0072jpg.jpg,
1070,127,0,2012-05-10-DSC0075jpg.jpg,
1071,127,0,2012-05-10-DSC0076jpg.jpg,
1072,127,0,2012-05-10-DSC0077jpg.jpg,
1073,128,0,2012-05-10-DSC0082jpg.jpg,
1074,128,0,2012-05-10-DSC0083jpg.jpg,
1075,128,0,2012-05-10-DSC0084jpg.jpg,
1076,128,0,2012-05-10-DSC0085jpg.jpg,
1077,128,0,2012-05-10-DSC0086jpg.jpg,
1078,128,0,2012-05-10-DSC0088jpg.jpg,
1079,128,0,2012-05-10-DSC0089jpg.jpg,
1080,128,0,2012-05-10-DSC0090jpg.jpg,
1082,129,0,2012-05-10-DSC0177jpg.jpg,
1083,129,0,2012-05-10-DSC0178jpg.jpg,
1084,129,0,2012-05-10-DSC0179jpg.jpg,
1085,129,0,2012-05-10-DSC0180jpg.jpg,
1086,129,0,2012-05-10-DSC0181jpg.jpg,
1087,129,0,2012-05-10-DSC0182jpg.jpg,
1088,129,0,2012-05-10-DSC0183jpg.jpg,
1089,129,0,2012-05-10-DSC0184jpg.jpg,
1090,129,0,2012-05-10-DSC0185jpg.jpg,
1091,129,0,2012-05-10-DSC0186jpg.jpg,
1092,129,0,2012-05-10-DSC0188jpg.jpg,
1093,129,0,2012-05-10-DSC0189jpg.jpg,
1094,129,0,2012-05-10-DSC0190jpg.jpg,
1095,129,0,2012-05-10-DSC0192jpg.jpg,
1096,130,0,2012-05-10-DSC0284jpg.jpg,
1097,130,0,2012-05-10-DSC0285jpg.jpg,
1098,130,0,2012-05-10-DSC0286jpg.jpg,
1099,130,0,2012-05-10-DSC0287jpg.jpg,
1100,130,0,2012-05-10-DSC0288jpg.jpg,
1101,130,0,2012-05-10-DSC0289jpg.jpg,
1102,131,0,2012-05-23-DSC0290jpg.jpg,
1103,131,0,2012-05-23-DSC0292jpg.jpg,
1104,131,0,2012-05-23-DSC0293jpg.jpg,
1105,131,0,2012-05-23-DSC0294jpg.jpg,
1106,131,0,2012-05-23-DSC0295jpg.jpg,
1107,131,0,2012-05-23-DSC0296jpg.jpg,
1108,131,0,2012-05-23-DSC0297jpg.jpg,
1109,131,0,2012-05-23-DSC0298jpg.jpg,
1110,131,0,2012-05-23-DSC0299jpg.jpg,
1111,131,0,2012-05-23-DSC0300jpg.jpg,
1112,131,0,2012-05-23-DSC0301jpg.jpg,
1113,132,0,2012-05-23-DSC0255jpg.jpg,
1114,132,0,2012-05-23-DSC0256jpg.jpg,
1115,132,0,2012-05-23-DSC0257jpg.jpg,
1116,132,0,2012-05-23-DSC0258jpg.jpg,
1117,132,0,2012-05-23-DSC0260jpg.jpg,
1118,132,0,2012-05-23-DSC0261jpg.jpg,
1119,132,0,2012-05-23-DSC0262jpg.jpg,
1120,132,0,2012-05-23-DSC0263jpg.jpg,
1121,132,0,2012-05-23-DSC0263jpg.jpg,
1122,132,0,2012-05-23-DSC0264jpg.jpg,
1123,132,0,2012-05-23-DSC0265jpg.jpg,
1124,132,0,2012-05-23-DSC0266jpg.jpg,
1125,132,0,2012-05-23-DSC0267jpg.jpg,
1126,132,0,2012-05-23-DSC0268jpg.jpg,
1127,135,0,2012-05-25-DSC0335jpg.jpg,
1128,135,0,2012-05-25-DSC0336jpg.jpg,
1129,135,0,2012-05-25-DSC0337jpg.jpg,
1130,135,0,2012-05-25-DSC0338jpg.jpg,
1131,135,0,2012-05-25-DSC0339jpg.jpg,
1132,135,0,2012-05-25-DSC0340jpg.jpg,
1133,136,0,2012-05-25-DSC0389jpg.jpg,
1134,136,0,2012-05-25-DSC0390jpg.jpg,
1135,136,0,2012-05-25-DSC0391jpg.jpg,
1136,136,0,2012-05-25-DSC0392jpg.jpg,
1137,136,0,2012-05-25-DSC0396jpg.jpg,
1138,137,0,2012-06-01-DSC0400bearbjpg.jpg,
1139,137,0,2012-06-01-DSC0397jpg.jpg,
1140,137,0,2012-06-01-DSC0398jpg.jpg,
1141,137,0,2012-06-01-DSC0399jpg.jpg,
1142,137,0,2012-06-01-DSC0400jpg.jpg,
1143,137,0,2012-06-01-DSC0401jpg.jpg,
1144,137,0,2012-06-01-DSC0402jpg.jpg,
1145,137,0,2012-06-01-DSC0403jpg.jpg,
1146,137,0,2012-06-01-DSC0404jpg.jpg,
1153,138,0,2012-06-01-DSC0480jpg.jpg,
1150,138,0,2012-06-01-DSC0481bearbjpg.jpg,
1152,138,0,2012-06-01-DSC0478jpg.jpg,
1154,138,0,2012-06-01-DSC0480jpg.jpg,
1155,138,0,2012-06-01-DSC0481jpg.jpg,
1156,138,0,2012-06-01-DSC0482jpg.jpg,
1157,138,0,2012-06-01-DSC0483jpg.jpg,
1158,138,0,2012-06-01-DSC0484jpg.jpg,
1159,138,0,2012-06-01-DSC0485jpg.jpg,
1160,138,0,2012-06-01-DSC0486jpg.jpg,
1161,139,0,2012-06-06-DSC0427bearbjpg.jpg,
1162,139,0,2012-06-06-DSC0423jpg.jpg,
1163,139,0,2012-06-06-DSC0428jpg.jpg,
1164,140,0,2012-06-06-DSC0459bearbjpg.jpg,
1165,140,0,2012-06-06-DSC0459jpg.jpg,
1166,140,0,2012-06-06-DSC0460jpg.jpg,
1167,140,0,2012-06-06-DSC0461jpg.jpg,
1168,140,0,2012-06-06-DSC0462jpg.jpg,
1169,140,0,2012-06-06-DSC0463jpg.jpg,
1170,140,0,2012-06-06-DSC0464jpg.jpg,
1171,140,0,2012-06-06-DSC0465jpg.jpg,
1172,140,0,2012-06-06-DSC0466jpg.jpg,
1173,140,0,2012-06-06-DSC0471jpg.jpg,
1174,140,0,2012-06-06-DSC0473jpg.jpg,
1175,140,0,2012-06-06-DSC0474jpg.jpg,
1176,140,0,2012-06-06-DSC0475jpg.jpg,
1177,140,0,2012-06-06-DSC0477jpg.jpg,
1178,141,0,2012-06-13-DSC0215jpg.jpg,
1179,141,0,2012-06-13-DSC0216jpg.jpg,
1180,141,0,2012-06-13-DSC0217jpg.jpg,
1181,141,0,2012-06-13-DSC0218jpg.jpg,
1182,141,0,2012-06-13-DSC0219jpg.jpg,
1183,141,0,2012-06-13-DSC0220jpg.jpg,
1184,141,0,2012-06-13-DSC0221jpg.jpg,
1185,141,0,2012-06-13-DSC0222jpg.jpg,
1186,141,0,2012-06-13-DSC0223jpg.jpg,
1187,141,0,2012-06-13-DSC0224jpg.jpg,
1188,141,0,2012-06-13-DSC0225jpg.jpg,
1189,141,0,2012-06-13-DSC0226jpg.jpg,
1190,141,0,2012-06-13-DSC0227jpg.jpg,
1191,141,0,2012-06-13-DSC0228jpg.jpg,
1192,141,0,2012-06-13-DSC0229jpg.jpg,
1193,141,0,2012-06-13-DSC0230jpg.jpg,
1194,141,0,2012-06-13-DSC0231jpg.jpg,
1195,141,0,2012-06-13-DSC0232jpg.jpg,
1196,141,0,2012-06-13-DSC0233jpg.jpg,
1197,141,0,2012-06-13-DSC0234jpg.jpg,
1198,141,0,2012-06-13-DSC0235jpg.jpg,
1199,141,0,2012-06-13-DSC0236jpg.jpg,
1200,141,0,2012-06-13-DSC0237jpg.jpg,
1201,142,0,2012-06-13-DSC0238jpg.jpg,
1202,142,0,2012-06-13-DSC0239jpg.jpg,
1203,142,0,2012-06-13-DSC0240jpg.jpg,
1204,143,0,2012-06-14-DSC0765jpg.jpg,
1205,143,0,2012-06-14-DSC0766jpg.jpg,
1206,143,0,2012-06-14-DSC0767jpg.jpg,
1207,143,0,2012-06-14-DSC0767bearbjpg.jpg,
1208,145,0,2012-06-15-DSC0757jpg.jpg,
1209,145,0,2012-06-15-DSC0758jpg.jpg,
1216,145,0,2012-06-15-DSC0760bearbjpg.jpg,
1211,145,0,2012-06-15-DSC0760jpg.jpg,
1212,145,0,2012-06-15-DSC0761jpg.jpg,
1213,145,0,2012-06-15-DSC0762jpg.jpg,
1214,145,0,2012-06-15-DSC0763jpg.jpg,
1215,145,0,2012-06-15-DSC0764jpg.jpg,
1217,146,0,2012-06-15-DSC0740jpg.jpg,
1218,146,0,2012-06-15-DSC0741jpg.jpg,
1219,146,0,2012-06-15-DSC0742jpg.jpg,
1220,146,0,2012-06-15-DSC0743jpg.jpg,
1221,146,0,2012-06-15-DSC0744jpg.jpg,
1222,146,0,2012-06-15-DSC0745jpg.jpg,
1223,146,0,2012-06-15-DSC0746jpg.jpg,
1224,146,0,2012-06-15-DSC0747jpg.jpg,
1225,146,0,2012-06-15-DSC0748jpg.jpg,
1226,146,0,2012-06-15-DSC0749jpg.jpg,
1227,146,0,2012-06-15-DSC0750jpg.jpg,
1228,146,0,2012-06-15-DSC0751jpg.jpg,
1229,146,0,2012-06-15-DSC0752jpg.jpg,
1230,146,0,2012-06-15-DSC0753jpg.jpg,
1231,146,0,2012-06-15-DSC0754jpg.jpg,
1232,146,0,2012-06-15-DSC0755jpg.jpg,
1233,146,0,2012-06-15-DSC0756jpg.jpg,
1234,143,0,2012-06-15-DSC0765bearbjpg.jpg,
1240,147,0,2012-06-15-DSC0707jpg.jpg,
1237,147,0,2012-06-15-DSC0709jpg.jpg,
1238,147,0,2012-06-15-DSC0710jpg.jpg,
1241,147,0,2012-06-15-DSC0708jpg.jpg,
1242,147,0,2012-06-15-DSC0711jpg.jpg,
1243,147,0,2012-06-15-DSC0712jpg.jpg,
1244,147,0,2012-06-15-DSC0713jpg.jpg,
1245,147,0,2012-06-15-DSC0714jpg.jpg,
1251,148,0,2012-06-15-DSC0715jpg.jpg,
1252,148,0,2012-06-15-DSC0716jpg.jpg,
1253,148,0,2012-06-15-DSC0717jpg.jpg,
1254,148,0,2012-06-15-DSC0718jpg.jpg,
1255,148,0,2012-06-15-DSC0719jpg.jpg,
1256,148,0,2012-06-15-DSC0715bearbjpg.jpg,
1257,148,0,2012-06-15-DSC0719bearbjpg.jpg,
1258,149,0,2012-06-19-DSC0720jpg.jpg,
1259,149,0,2012-06-19-DSC0721jpg.jpg,
1260,149,0,2012-06-19-DSC0722jpg.jpg,
1261,149,0,2012-06-19-DSC0723jpg.jpg,
1262,149,0,2012-06-19-DSC0724jpg.jpg,
1263,149,0,2012-06-19-DSC0725jpg.jpg,
1264,149,0,2012-06-19-DSC0726jpg.jpg,
1265,149,0,2012-06-19-DSC0727jpg.jpg,
1266,149,0,2012-06-19-DSC0728jpg.jpg,
1267,149,0,2012-06-19-DSC0729jpg.jpg,
1268,149,0,2012-06-19-DSC0730jpg.jpg,
1269,149,0,2012-06-19-DSC0731jpg.jpg,
1270,149,0,2012-06-19-DSC0732jpg.jpg,
1271,149,0,2012-06-19-DSC0733jpg.jpg,
1272,149,0,2012-06-19-DSC0734jpg.jpg,
1273,149,0,2012-06-19-DSC0735jpg.jpg,
1274,149,0,2012-06-19-DSC0736jpg.jpg,
1275,149,0,2012-06-19-DSC0737jpg.jpg,
1276,149,0,2012-06-19-DSC0738jpg.jpg,
1277,149,0,2012-06-19-DSC0739jpg.jpg,
1278,149,0,2012-06-19-DSC0723bearbjpg.jpg,
1279,149,0,2012-06-19-DSC0730bearbjpg.jpg,
1280,149,0,2012-06-19-DSC0732bearbjpg.jpg,
1281,149,0,2012-06-19-DSC0738bearbjpg.jpg,
1282,150,0,2012-06-19-DSC0703jpg.jpg,
1283,150,0,2012-06-19-DSC0704jpg.jpg,
1284,150,0,2012-06-19-DSC0705jpg.jpg,
1285,150,0,2012-06-19-DSC0706jpg.jpg,
1286,150,0,2012-06-19-DSC0705bearbjpg.jpg,
1287,151,0,2012-06-19-DSC0697jpg.jpg,
1288,151,0,2012-06-19-DSC0698jpg.jpg,
1289,151,0,2012-06-19-DSC0699jpg.jpg,
1292,151,0,2012-06-19-DSC0700jpg.jpg,
1295,151,0,2012-06-19-DSC0700bearbjpg.jpg,
1293,151,0,2012-06-19-DSC0701jpg.jpg,
1294,151,0,2012-06-19-DSC0702jpg.jpg,
1296,152,0,2012-06-19-DSC0689jpg.jpg,
1297,152,0,2012-06-19-DSC0690jpg.jpg,
1298,152,0,2012-06-19-DSC0691jpg.jpg,
1299,152,0,2012-06-19-DSC0692jpg.jpg,
1300,152,0,2012-06-19-DSC0693jpg.jpg,
1301,152,0,2012-06-19-DSC0694jpg.jpg,
1302,152,0,2012-06-19-DSC0695jpg.jpg,
1303,152,0,2012-06-19-DSC0696jpg.jpg,
1304,152,0,2012-06-19-DSC0692bearbjpg.jpg,
1305,153,0,2012-06-20-DSC0685jpg.jpg,
1306,153,0,2012-06-20-DSC0686jpg.jpg,
1307,153,0,2012-06-20-DSC0687jpg.jpg,
1308,153,0,2012-06-20-DSC0688jpg.jpg,
1309,153,0,2012-06-20-DSC0687bearbjpg.jpg,
1310,154,0,2012-06-27-DSC0680jpg.jpg,
1311,154,0,2012-06-27-DSC0681jpg.jpg,
1312,154,0,2012-06-27-DSC0682jpg.jpg,
1313,154,0,2012-06-27-DSC0683jpg.jpg,
1314,154,0,2012-06-27-DSC0684jpg.jpg,
1315,154,0,2012-06-27-DSC0684bearbjpg.jpg,
1316,155,0,2012-06-27-DSC0768jpg.jpg,
1317,155,0,2012-06-27-DSC0769jpg.jpg,
1318,155,0,2012-06-27-DSC0770jpg.jpg,
1319,155,0,2012-06-27-DSC0770jpg.jpg,
1320,155,0,2012-06-27-DSC0771jpg.jpg,
1321,155,0,2012-06-27-DSC0772jpg.jpg,
1322,155,0,2012-06-27-DSC0773jpg.jpg,
1323,155,0,2012-06-27-DSC0774jpg.jpg,
1324,156,0,2012-07-20-DSC0516jpg.jpg,
1325,156,0,2012-07-20-DSC0517jpg.jpg,
1326,156,0,2012-07-20-DSC0518jpg.jpg,
1327,156,0,2012-07-20-DSC0519jpg.jpg,
1328,156,0,2012-07-20-DSC0520jpg.jpg,
1329,157,0,2012-07-23-DSC0547jpg.jpg,
1330,157,0,2012-07-23-DSC0548jpg.jpg,
1331,157,0,2012-07-23-DSC0550jpg.jpg,
1332,157,0,2012-07-23-DSC0551jpg.jpg,
1333,158,0,2012-07-23-DSC0565jpg.jpg,
1334,158,0,2012-07-23-DSC0566jpg.jpg,
1335,158,0,2012-07-23-DSC0567jpg.jpg,
1336,158,0,2012-07-23-DSC0568jpg.jpg,
1337,158,0,2012-07-23-DSC0569jpg.jpg,
1338,158,0,2012-07-23-DSC0562jpg.jpg,
1339,158,0,2012-07-23-DSC0563jpg.jpg,
1340,158,0,2012-07-23-DSC0570jpg.jpg,
1341,158,0,2012-07-23-DSC0571jpg.jpg,
1342,158,0,2012-07-23-DSC0572jpg.jpg,
1343,158,0,2012-07-23-DSC0574jpg.jpg,
1344,158,0,2012-07-23-DSC0574jpg.jpg,
1345,146,0,2012-07-25-DSC0749bearbjpg.jpg,
1346,159,0,2012-07-26-DSC0575jpg.jpg,
1347,159,0,2012-07-26-DSC0576jpg.jpg,
1348,159,0,2012-07-26-DSC0577jpg.jpg,
1349,160,0,2012-07-26-DSC0581jpg.jpg,
1350,160,0,2012-07-26-DSC0582jpg.jpg,
1351,161,0,2012-07-27-DSC0138jpg.jpg,
1352,161,0,2012-07-27-DSC0139jpg.jpg,
1353,161,0,2012-07-27-DSC0140jpg.jpg,
1354,161,0,2012-07-27-DSC0141jpg.jpg,
1355,161,0,2012-07-27-DSC0142jpg.jpg,
1356,161,0,2012-07-27-DSC0142bearbjpg.jpg,
1357,162,0,2012-07-27-DSC1150jpg.jpg,
1358,162,0,2012-07-27-DSC1151jpg.jpg,
1359,162,0,2012-07-27-DSC1152jpg.jpg,
1360,162,0,2012-07-27-DSC0144jpg.jpg,
1362,163,0,2012-07-31-DSC0005jpg.jpg,
1363,163,0,2012-07-31-DSC0006jpg.jpg,
1366,163,0,2012-07-31-DSC0006jpg.jpg,
1365,163,0,2012-07-31-DSC0007jpg.jpg,
1367,163,0,2012-07-31-DSC0008jpg.jpg,
1368,163,0,2012-07-31-DSC0009jpg.jpg,
1369,163,0,2012-07-31-DSC0010jpg.jpg,
1370,163,0,2012-07-31-DSC0011jpg.jpg,
1371,163,0,2012-07-31-DSC0012jpg.jpg,
1372,163,0,2012-07-31-DSC0013jpg.jpg,
1373,163,0,2012-07-31-DSC0008bearbjpg.jpg,
1374,165,0,2012-07-31-DSC0014jpg.jpg,
1375,165,0,2012-07-31-DSC0015jpg.jpg,
1376,165,0,2012-07-31-DSC0016jpg.jpg,
1377,165,0,2012-07-31-DSC0017jpg.jpg,
1378,165,0,2012-07-31-DSC0018jpg.jpg,
1379,165,0,2012-07-31-DSC0019jpg.jpg,
1380,165,0,2012-07-31-DSC0020jpg.jpg,
1381,165,0,2012-07-31-DSC0021jpg.jpg,
1382,165,0,2012-07-31-DSC0017bearbjpg.jpg,
1383,166,0,2012-07-31-DSC0022jpg.jpg,
1384,166,0,2012-07-31-DSC0023jpg.jpg,
1385,166,0,2012-07-31-DSC0024jpg.jpg,
1386,166,0,2012-07-31-DSC0025jpg.jpg,
1387,166,0,2012-07-31-DSC0026jpg.jpg,
1388,166,0,2012-07-31-DSC0027jpg.jpg,
1389,166,0,2012-07-31-DSC0028jpg.jpg,
1390,166,0,2012-07-31-DSC0029jpg.jpg,
1391,166,0,2012-07-31-DSC0025bearbjpg.jpg,
1392,167,2,2012-07-31-DSC0030jpg.jpg,
1393,167,3,2012-07-31-DSC0031jpg.jpg,
1394,167,4,2012-07-31-DSC0032jpg.jpg,
1395,167,5,2012-07-31-DSC0033jpg.jpg,
1396,167,6,2012-07-31-DSC0034jpg.jpg,
1397,167,7,2012-07-31-DSC0035jpg.jpg,
1398,167,8,2012-07-31-DSC0036jpg.jpg,
1399,167,9,2012-07-31-DSC0032bearbjpg.jpg,
1400,164,0,2012-07-31-DSC0650jpg.jpg,
1401,164,0,2012-07-31-DSC0651jpg.jpg,
1402,164,0,2012-07-31-DSC0652jpg.jpg,
1403,164,0,2012-07-31-DSC0653jpg.jpg,
1404,164,0,2012-07-31-DSC0653bearbjpg.jpg,
1405,168,0,2012-08-01-DSC0642jpg.jpg,
1406,168,0,2012-08-01-DSC0643jpg.jpg,
1407,168,0,2012-08-01-DSC0644jpg.jpg,
1408,168,0,2012-08-01-DSC0649jpg.jpg,
1409,169,0,2012-08-01-DSC0248bearbjpg.jpg,
1410,169,0,2012-08-01-DSC0251bearbjpg.jpg,
1411,169,0,2012-08-01-DSC0249jpg.jpg,
1412,169,0,2012-08-01-DSC0251jpg.jpg,
1413,169,0,2012-08-01-DSC0252jpg.jpg,
1414,169,0,2012-08-01-DSC0253jpg.jpg,
1415,169,0,2012-08-01-DSC0255jpg.jpg,
1416,169,0,2012-08-01-DSC0258jpg.jpg,
1417,169,0,2012-08-01-DSC0259jpg.jpg,
1418,170,0,2012-08-01-DSC0052jpg.jpg,
1419,170,0,2012-08-01-DSC0053jpg.jpg,
1420,170,0,2012-08-01-DSC0054jpg.jpg,
1421,170,0,2012-08-01-DSC0055jpg.jpg,
1422,170,0,2012-08-01-DSC0056jpg.jpg,
1423,170,0,2012-08-01-DSC0057jpg.jpg,
1424,170,0,2012-08-01-DSC0058jpg.jpg,
1425,170,0,2012-08-01-DSC0059jpg.jpg,
1426,170,0,2012-08-01-DSC0060jpg.jpg,
1427,170,0,2012-08-01-DSC0061jpg.jpg,
1428,170,0,2012-08-01-DSC0062jpg.jpg,
1429,170,0,2012-08-01-DSC0063jpg.jpg,
1430,170,0,2012-08-01-DSC0064jpg.jpg,
1431,170,0,2012-08-01-DSC0065jpg.jpg,
1432,170,0,2012-08-01-DSC0066jpg.jpg,
1433,170,0,2012-08-01-DSC0067jpg.jpg,
1434,170,0,2012-08-01-DSC0068jpg.jpg,
1435,170,0,2012-08-01-DSC0069jpg.jpg,
1436,170,0,2012-08-01-DSC0070jpg.jpg,
1437,170,0,2012-08-01-DSC0071jpg.jpg,
1438,170,0,2012-08-01-DSC0072jpg.jpg,
1439,170,0,2012-08-01-DSC0073jpg.jpg,
1440,170,0,2012-08-01-DSC0074jpg.jpg,
1441,170,0,2012-08-01-DSC0075jpg.jpg,
1442,170,0,2012-08-01-DSC0076jpg.jpg,
1443,170,0,2012-08-01-DSC0077jpg.jpg,
1444,170,0,2012-08-01-DSC0078jpg.jpg,
1445,170,0,2012-08-01-DSC0079jpg.jpg,
1446,170,0,2012-08-01-DSC0080jpg.jpg,
1447,170,0,2012-08-01-DSC0081jpg.jpg,
1448,170,0,2012-08-01-DSC0082jpg.jpg,
1449,170,0,2012-08-01-DSC0083jpg.jpg,
1450,170,0,2012-08-01-DSC0084jpg.jpg,
1451,170,0,2012-08-01-DSC0085jpg.jpg,
1452,170,0,2012-08-01-DSC0086jpg.jpg,
1475,171,0,2012-08-06-DSC0091jpg.jpg,
1474,171,0,2012-08-06-DSC0090jpg.jpg,
1473,171,0,2012-08-06-DSC0089jpg.jpg,
1471,171,0,2012-08-06-DSC0087jpg.jpg,
1472,171,0,2012-08-06-DSC0088jpg.jpg,
1459,170,0,2012-08-06-DSC0093jpg.jpg,
1460,170,0,2012-08-06-DSC0094jpg.jpg,
1461,170,0,2012-08-06-DSC0095jpg.jpg,
1462,170,0,2012-08-06-DSC0096jpg.jpg,
1463,170,0,2012-08-06-DSC0097jpg.jpg,
1464,170,0,2012-08-06-DSC0098jpg.jpg,
1465,170,0,2012-08-06-DSC0099jpg.jpg,
1466,170,0,2012-08-06-DSC0100jpg.jpg,
1467,170,0,2012-08-06-DSC0101jpg.jpg,
1468,170,0,2012-08-06-DSC0102jpg.jpg,
1469,170,0,2012-08-06-DSC0103jpg.jpg,
1470,170,0,2012-08-06-DSC0104jpg.jpg,
1476,171,0,2012-08-06-DSC0092jpg.jpg,
1477,171,0,2012-08-06-DSC0097bearbjpg.jpg,
1478,171,0,2012-08-06-DSC0089bearbjpg.jpg,
1479,172,0,2012-08-06-DSC0105jpg.jpg,
1480,172,0,2012-08-06-DSC0106jpg.jpg,
1481,172,0,2012-08-06-DSC0107jpg.jpg,
1482,172,0,2012-08-06-DSC0108jpg.jpg,
1483,172,0,2012-08-06-DSC0109jpg.jpg,
1484,172,0,2012-08-06-DSC0110jpg.jpg,
1485,172,0,2012-08-06-DSC0111jpg.jpg,
1486,172,0,2012-08-06-DSC0112jpg.jpg,
1487,172,0,2012-08-06-DSC0113jpg.jpg,
1488,172,0,2012-08-06-DSC0114jpg.jpg,
1489,172,0,2012-08-06-DSC0115jpg.jpg,
1490,172,0,2012-08-06-DSC0116jpg.jpg,
1491,172,0,2012-08-06-DSC0117jpg.jpg,
1492,172,0,2012-08-06-DSC0118jpg.jpg,
1493,172,0,2012-08-06-DSC0119jpg.jpg,
1494,172,0,2012-08-06-DSC0120jpg.jpg,
1495,172,0,2012-08-06-DSC0121jpg.jpg,
1496,172,0,2012-08-06-DSC0122jpg.jpg,
1497,172,0,2012-08-06-DSC0123jpg.jpg,
1498,172,0,2012-08-06-DSC0124jpg.jpg,
1499,172,0,2012-08-06-DSC0125jpg.jpg,
1500,172,0,2012-08-06-DSC0126jpg.jpg,
1501,172,0,2012-08-06-DSC0127jpg.jpg,
1502,172,0,2012-08-06-DSC0128jpg.jpg,
1503,172,0,2012-08-06-DSC0129jpg.jpg,
1504,172,0,2012-08-06-DSC0130jpg.jpg,
1505,172,0,2012-08-06-DSC0131jpg.jpg,
1506,172,0,2012-08-06-DSC0132jpg.jpg,
1507,172,0,2012-08-06-DSC0133jpg.jpg,
1508,172,0,2012-08-06-DSC0134jpg.jpg,
1509,172,0,2012-08-06-DSC0135jpg.jpg,
1510,172,0,2012-08-06-DSC0136jpg.jpg,
1511,172,0,2012-08-06-DSC0137jpg.jpg,
1512,173,0,2012-08-07-DSC0037jpg.jpg,
1513,173,0,2012-08-07-DSC0038jpg.jpg,
1514,173,0,2012-08-07-DSC0039jpg.jpg,
1515,173,0,2012-08-07-DSC0040jpg.jpg,
1516,173,0,2012-08-07-DSC0041jpg.jpg,
1517,173,0,2012-08-07-DSC0042jpg.jpg,
1518,173,0,2012-08-07-DSC0043jpg.jpg,
1519,173,0,2012-08-07-DSC0044jpg.jpg,
1520,173,0,2012-08-07-DSC0045jpg.jpg,
1521,173,0,2012-08-07-DSC0046jpg.jpg,
1522,173,0,2012-08-07-DSC0047jpg.jpg,
1523,173,0,2012-08-07-DSC0048jpg.jpg,
1524,173,0,2012-08-07-DSC0049jpg.jpg,
1525,173,0,2012-08-07-DSC0050jpg.jpg,
1526,173,0,2012-08-07-DSC0051jpg.jpg,
1527,174,0,2012-08-07-DSC0229jpg.jpg,
1528,174,0,2012-08-07-DSC0230jpg.jpg,
1529,174,0,2012-08-07-DSC0231jpg.jpg,
1530,174,0,2012-08-07-DSC0232jpg.jpg,
1531,174,0,2012-08-07-DSC0233jpg.jpg,
1532,174,0,2012-08-07-DSC0234jpg.jpg,
1533,174,0,2012-08-07-DSC0235jpg.jpg,
1534,174,0,2012-08-07-DSC0236jpg.jpg,
1535,174,0,2012-08-07-DSC0237jpg.jpg,
1536,174,0,2012-08-07-DSC0238jpg.jpg,
1537,174,0,2012-08-07-DSC0239jpg.jpg,
1538,174,0,2012-08-07-DSC0240jpg.jpg,
1539,174,0,2012-08-07-DSC0234bearbjpg.jpg,
1540,175,0,2012-08-08-DSC0220jpg.jpg,
1541,175,0,2012-08-08-DSC0221jpg.jpg,
1542,175,0,2012-08-08-DSC0222jpg.jpg,
1543,175,0,2012-08-08-DSC0223jpg.jpg,
1544,175,0,2012-08-08-DSC0224jpg.jpg,
1545,175,0,2012-08-08-DSC0225jpg.jpg,
1546,175,0,2012-08-08-DSC0226jpg.jpg,
1547,175,0,2012-08-08-DSC0227jpg.jpg,
1548,175,0,2012-08-08-DSC0228jpg.jpg,
1549,175,0,2012-08-08-DSC0221bearbjpg.jpg,
1550,175,0,2012-08-08-DSC0221bearb2jpg.jpg,
1551,176,0,2012-08-28-DSC0214jpg.jpg,
1552,176,0,2012-08-28-DSC0215jpg.jpg,
1553,176,0,2012-08-28-DSC0216jpg.jpg,
1554,176,0,2012-08-28-DSC0217jpg.jpg,
1555,176,0,2012-08-28-DSC0218jpg.jpg,
1556,176,0,2012-08-28-DSC0219jpg.jpg,
1558,176,0,2012-08-29-DSC0209jpg.jpg,
1559,176,0,2012-08-29-DSC0210jpg.jpg,
1560,176,0,2012-08-29-DSC0211jpg.jpg,
1561,176,0,2012-08-29-DSC0212jpg.jpg,
1562,176,0,2012-08-29-DSC0213jpg.jpg,
1563,177,0,2012-08-29-DSC0193jpg.jpg,
1564,177,0,2012-08-29-DSC0194jpg.jpg,
1565,177,0,2012-08-29-DSC0195jpg.jpg,
1566,177,0,2012-08-29-DSC0196jpg.jpg,
1567,177,0,2012-08-29-DSC0197jpg.jpg,
1568,177,0,2012-08-29-DSC0194bearbjpg.jpg,
1569,178,0,2012-08-29-DSC0198jpg.jpg,
1570,178,0,2012-08-29-DSC0199jpg.jpg,
1571,178,0,2012-08-29-DSC0200jpg.jpg,
1572,178,0,2012-08-29-DSC0201jpg.jpg,
1573,178,0,2012-08-29-DSC0202jpg.jpg,
1574,178,0,2012-08-29-DSC0203jpg.jpg,
1575,178,0,2012-08-29-DSC0201bearbjpg.jpg,
1576,177,0,2012-08-29-DSC0204jpg.jpg,
1577,177,0,2012-08-29-DSC0205jpg.jpg,
1578,177,0,2012-08-29-DSC0206jpg.jpg,
1579,177,0,2012-08-29-DSC0207jpg.jpg,
1580,177,0,2012-08-29-DSC0208jpg.jpg,
1581,179,0,2012-09-03-DSC0176jpg.jpg,
1582,179,0,2012-09-03-DSC0177jpg.jpg,
1583,179,0,2012-09-03-DSC0178jpg.jpg,
1584,179,0,2012-09-03-DSC0179jpg.jpg,
1585,179,0,2012-09-03-DSC0180jpg.jpg,
1586,179,0,2012-09-03-DSC0180bearbjpg.jpg,
1587,180,0,2012-09-03-DSC0181jpg.jpg,
1588,180,0,2012-09-03-DSC0182jpg.jpg,
1589,180,0,2012-09-03-DSC0183jpg.jpg,
1590,180,0,2012-09-03-DSC0184jpg.jpg,
1591,180,0,2012-09-03-DSC0185jpg.jpg,
1592,180,0,2012-09-03-DSC0186jpg.jpg,
1593,180,0,2012-09-03-DSC0182bearbjpg.jpg,
1594,181,0,2012-09-04-DSC0049jpg.jpg,
1595,181,0,2012-09-04-DSC0050jpg.jpg,
1596,181,0,2012-09-04-DSC0051jpg.jpg,
1597,181,0,2012-09-04-DSC0052jpg.jpg,
1598,181,0,2012-09-04-DSC0053jpg.jpg,
1606,181,0,2012-09-04-DSC0052bearbjpg.jpg,
1615,182,0,2012-09-04-DSC0058bearbjpg.jpg,
1609,182,0,2012-09-04-DSC0051jpg.jpg,
1608,182,0,2012-09-04-DSC0050jpg.jpg,
1607,182,0,2012-09-04-DSC0049jpg.jpg,
1611,182,0,2012-09-04-DSC0055jpg.jpg,
1612,182,0,2012-09-04-DSC0056jpg.jpg,
1613,182,0,2012-09-04-DSC0057jpg.jpg,
1614,182,0,2012-09-04-DSC0058jpg.jpg,
1616,184,0,2012-09-04-DSC0187jpg.jpg,
1617,184,0,2012-09-04-DSC0188jpg.jpg,
1618,184,0,2012-09-04-DSC0189jpg.jpg,
1619,184,0,2012-09-04-DSC0190jpg.jpg,
1620,184,0,2012-09-04-DSC0191jpg.jpg,
1621,184,0,2012-09-04-DSC0192jpg.jpg,
1622,184,0,2012-09-04-DSC0192bearbjpg.jpg,
1623,190,0,2013-02-05-DSC0110jpg.jpg,
1624,190,0,2013-02-05-DSC0111jpg.jpg,
1625,190,0,2013-02-05-DSC0112jpg.jpg,
1626,190,0,2013-02-05-DSC0113jpg.jpg,
1628,193,0,2013-02-05-DSC0115jpg.jpg,
1629,193,0,2013-02-05-DSC0116jpg.jpg,
1630,193,0,2013-02-05-DSC0117jpg.jpg,
1631,193,0,2013-02-05-DSC0118jpg.jpg,
1632,193,0,2013-02-05-DSC0119jpg.jpg,
