blo,inscription,image
7816,1,5826
7821,1,5831
7826,1,5836
7831,1,5841
7836,1,5846
7841,1,5851
7851,2,5861
7856,2,5866
7861,2,5871
7866,2,5876
7875,3,5885
7880,3,5890
7885,3,5895
7890,3,5900
7895,3,5905
7900,3,5910
7905,3,5915
7910,3,5920
7915,3,5925
7920,3,5930
7925,3,5935
7930,3,5940
7935,3,5945
7940,3,5950
7945,3,5955
7950,3,5960
7955,3,5965
8016,7,6026
8021,7,6031
8031,7,6041
8036,7,6046
8046,7,6056
8051,8,6061
8056,8,6066
8061,8,6071
8066,8,6076
8071,8,6081
8076,8,6086
8081,8,6091
8086,8,6096
8091,8,6101
8096,8,6106
8101,8,6111
8111,8,6121
8116,8,6126
8121,8,6131
8126,9,6136
8146,9,6156
8151,9,6161
8156,9,6166
8161,9,6171
8166,9,6176
8171,9,6181
8176,9,6186
8181,9,6191
8186,9,6196
8191,9,6201
8196,9,6206
8201,9,6211
8211,10,6221
8216,10,6226
8221,10,6231
8236,10,6246
8241,10,6251
8246,10,6256
8251,10,6261
8256,10,6266
8261,10,6271
8266,10,6276
8271,10,6281
8276,10,6286
8281,10,6291
8286,10,6296
8291,10,6301
8296,10,6306
8301,10,6311
8306,10,6316
8311,10,6321
8322,11,6332
8327,11,6337
8332,11,6342
8337,11,6347
8342,11,6352
8347,11,6357
8352,11,6362
8357,11,6367
8362,11,6372
8367,11,6377
8372,11,6382
8377,11,6387
8382,11,6392
8387,11,6397
8392,11,6402
8452,13,6462
8457,13,6467
8462,13,6472
8467,13,6477
8472,13,6482
8477,13,6487
8482,13,6492
8487,13,6497
8491,14,6501
8496,14,6506
8501,14,6511
8506,14,6516
8511,15,6521
8516,15,6526
8521,15,6531
8526,15,6536
8531,15,6541
8536,15,6546
8541,15,6551
8546,15,6556
8551,16,6561
8556,16,6566
8561,16,6571
8566,16,6576
8571,16,6581
8576,16,6586
8581,16,6591
8586,16,6596
8591,16,6601
8596,16,6606
8601,16,6611
8606,16,6616
8611,16,6621
8616,16,6626
8621,17,6631
8626,17,6636
8631,17,6641
8636,17,6646
8641,17,6651
8646,17,6656
8651,17,6661
8656,17,6666
8661,17,6671
8666,17,6676
8671,18,6681
8676,18,6686
8681,18,6691
8686,18,6696
8691,18,6701
8696,18,6706
8701,19,6711
8706,19,6716
8711,19,6721
8716,19,6726
8721,19,6731
8726,19,6736
8731,19,6741
8736,20,6746
8746,20,6756
8756,20,6766
8761,21,6771
8771,21,6781
8776,21,6786
8791,21,6801
8796,21,6806
8801,21,6811
8806,21,6816
8811,21,6821
8816,21,6826
8821,21,6831
8826,21,6836
8831,21,6841
8836,22,6846
8841,22,6851
8846,22,6856
8851,22,6861
8856,22,6866
8861,22,6871
8866,22,6876
8896,23,5881
8881,23,5886
8886,23,5891
8911,23,5896
8916,23,5901
8921,23,5906
8926,23,5911
8931,23,5916
8936,23,5921
8871,23,6881
8876,23,6886
8891,23,6891
8901,23,6896
8906,23,6901
8941,24,6906
8946,24,6911
8951,24,6916
8956,24,6921
8961,24,6926
8966,24,6931
8971,24,6936
8976,24,6941
8981,25,5926
8986,25,5931
8991,25,5936
8996,25,5941
9001,25,5946
9006,25,5951
9011,26,6946
9016,26,6951
9021,26,6956
9026,26,6961
9031,26,6966
9036,26,6971
9041,26,6976
9046,26,6981
9051,26,6986
9056,26,6991
9061,26,6996
9066,26,7001
9071,26,7006
9076,26,7011
9081,26,7016
9086,26,7021
9091,26,7026
9096,26,7031
9101,26,7036
9106,26,7041
9111,27,7046
9116,27,7051
9121,27,7056
9126,27,7061
9131,27,7066
9136,27,7071
9141,27,7076
9146,27,7081
9151,27,7086
9161,27,7096
9166,27,7101
9171,27,7106
9176,27,7111
9181,27,7116
9186,28,7121
9191,28,7126
9196,28,7131
9201,28,7136
9206,28,7141
9211,28,7146
9216,28,7151
9221,28,7156
9226,28,7161
9231,28,7166
9241,29,7176
9246,29,7181
9251,29,7186
9256,29,7191
9261,29,7196
9266,29,7201
9271,29,7206
9276,29,7211
9281,29,7216
9286,29,7221
9291,29,7226
9296,29,7231
9301,29,7236
9306,30,7241
9326,30,7261
9331,30,7266
9336,30,7271
9356,30,7291
9371,31,6476
9376,31,6481
9381,31,6486
9386,31,6491
9391,31,6496
9396,31,7306
9401,31,7311
9406,31,7316
9411,31,7321
9416,31,7326
9421,31,7331
9426,31,7336
9431,31,7341
9436,31,7346
9441,32,7351
9446,32,7356
9451,32,7361
9456,32,7366
9461,32,7371
9466,32,7376
9471,32,7381
9476,32,7386
9481,32,7391
9486,32,7396
9491,32,7401
9496,32,7406
9501,32,7411
9506,32,7416
9511,32,7421
9516,32,7426
9521,32,7431
9526,32,7436
9531,32,7441
9536,33,7446
9541,33,7451
9546,33,7456
9551,33,7461
9556,33,7466
9561,33,7471
9566,33,7476
9571,33,7481
9576,33,7486
9581,33,7491
9606,35,7506
9616,35,7516
9621,35,7521
9626,35,7526
9631,35,7531
9636,35,7536
9646,35,7546
9651,35,7551
9656,35,7556
9661,35,7561
9666,35,7566
9671,35,7571
9676,35,7576
9681,35,7581
9686,35,7586
9691,35,7591
9696,35,7596
9706,36,7606
9711,36,7611
9716,36,7616
9721,36,7621
9726,36,7626
9731,36,7631
9736,36,7636
9741,36,7641
9746,36,7646
9751,36,7651
9756,36,7656
9886,38,7726
9901,38,7741
9906,38,7746
9911,38,7751
9916,38,7756
9921,38,7761
9926,38,7766
9931,38,7771
9936,38,7776
9941,38,7781
9946,38,7786
9951,38,7791
9961,38,7801
9966,38,7806
9971,38,7811
9976,38,7816
9981,38,7821
9986,38,7826
9991,38,7831
10001,38,7841
10006,38,7846
10011,38,7851
10016,39,7856
10021,39,7861
10026,39,7866
10031,39,7871
10036,39,7876
10041,39,7881
10046,39,7886
10051,39,7891
10056,39,7896
10061,39,7901
10066,39,7906
10071,39,7911
10076,39,7916
10081,39,7921
10086,39,7926
10091,39,7931
10096,39,7936
10101,39,7941
10112,40,7952
10117,40,7957
10126,41,7966
10131,41,7971
10136,41,7976
10141,41,7981
10146,41,7986
10151,41,7991
10156,41,7996
10161,41,8001
10166,41,8006
10171,41,8011
10176,41,8016
10181,41,8021
10186,41,8026
10191,41,8031
10207,42,8047
10212,42,8052
10217,42,8057
10222,42,8062
10227,42,8067
10232,42,8072
10237,42,8077
10242,42,8082
10247,42,8087
10252,42,8092
10257,42,8097
10262,42,8102
10267,42,8107
10272,42,8112
10277,42,8117
10282,42,8122
10287,42,8127
10292,42,8132
10297,42,8137
10302,42,8142
10362,43,5967
10367,43,5972
10377,43,5977
10382,43,5982
10332,43,5987
10337,43,5992
10342,43,5997
10352,43,6002
10357,43,6007
10312,43,8152
10317,43,8157
10322,43,8162
10327,43,8167
10347,43,8172
10372,43,8177
10387,43,8182
10402,44,6012
10392,44,8187
10397,44,8192
10407,44,8197
10412,44,8202
10417,44,8207
10422,44,8212
10427,44,8217
10432,44,8222
10437,44,8227
10442,44,8232
10447,44,8237
10452,44,8242
10457,44,8247
10462,44,8252
10467,45,6692
10472,45,6697
10477,45,6702
10482,45,6707
10507,45,6712
10512,45,6717
10517,45,6722
10522,45,6727
10527,45,6732
10532,45,6737
10537,45,6742
10552,45,6847
10557,45,6852
10562,45,6857
10567,45,6862
10572,45,6867
10577,45,6872
10582,45,6877
10487,45,8257
10492,45,8262
10497,45,8267
10502,45,8272
10542,45,8277
10547,45,8282
10587,45,8287
10592,45,8292
10607,46,8307
10612,46,8312
10617,46,8317
10622,46,8322
10627,46,8327
10632,46,8332
10637,46,8337
10642,46,8342
10647,46,8347
10652,46,8352
10662,47,8362
10667,47,8367
10672,47,8372
10677,47,8377
10682,47,8382
10687,47,8387
10692,47,8392
10707,48,8407
10712,48,8412
10717,48,8417
10722,48,8422
10727,48,8427
10732,48,8432
10742,49,8442
10747,49,8447
10752,49,8452
10757,49,8457
10762,49,8462
10767,49,8467
10772,49,8472
10777,49,8477
10782,49,8482
10787,49,8487
10792,49,8492
10797,49,8497
10807,50,8507
10812,50,8512
10822,51,8522
10827,51,8527
10832,51,8532
10837,51,8537
10842,51,8542
10847,51,8547
10852,51,8552
10857,51,8557
10862,51,8562
10867,51,8567
10872,51,8572
10877,51,8577
10882,51,8582
10887,51,8587
10892,51,8592
10897,52,6937
10917,52,6942
10907,52,8602
10912,52,8607
10922,52,8612
10927,52,8617
10932,52,8622
10937,52,8627
10942,52,8632
10947,52,8637
10952,52,8642
10957,52,8647
10962,52,8652
10967,52,8657
10972,53,8662
10977,53,8667
10982,53,8672
10987,53,8677
10992,53,8682
10997,53,8687
11002,53,8692
11142,55,7352
11147,55,7357
11152,55,7362
11157,55,7367
11162,55,7372
11062,55,8712
11067,55,8717
11072,55,8722
11077,55,8727
11082,55,8732
11087,55,8737
11092,55,8742
11097,55,8747
11102,55,8752
11107,55,8757
11112,55,8762
11117,55,8767
11122,55,8772
11127,55,8777
11132,55,8782
11137,55,8787
11167,56,7392
11172,56,7397
11177,56,8792
11182,57,7402
11187,57,7407
11192,57,7412
11197,58,7417
11202,58,7422
11207,58,7427
11212,58,7432
11222,59,8802
11232,59,8812
11237,59,8817
11242,59,8822
11247,59,8827
11252,59,8832
11257,59,8837
11262,59,8842
11267,60,7442
11272,60,8847
11277,60,8852
11282,60,8857
11287,60,8862
11292,60,8867
11297,60,8872
11302,60,8877
11307,60,8882
11312,60,8887
11317,60,8892
11322,60,8897
11327,60,8902
11337,61,8912
11347,61,8922
11352,61,8927
11357,61,8932
11362,61,8937
11367,61,8942
11372,61,8947
11377,61,8952
11382,61,8957
11387,61,8962
11392,61,8967
11397,61,8972
11402,61,8977
11407,61,8982
11417,62,8992
11427,62,9002
11432,62,9007
11437,62,9012
11442,62,9017
11447,62,9022
11452,62,9027
11457,62,9032
11467,63,9042
11477,63,9052
11482,63,9057
11487,63,9062
11492,63,9067
11497,63,9072
11502,63,9077
11512,64,9087
11517,64,9092
11522,64,9097
11527,64,9102
11532,64,9107
11537,64,9112
11542,64,9117
11547,64,9122
11552,64,9127
11557,64,9132
11567,65,9142
11572,65,9147
11577,65,9152
11582,65,9157
11587,65,9162
11592,65,9167
11597,65,9172
11602,65,9177
11607,65,9182
11612,65,9187
11622,66,9197
11627,66,9202
11632,66,9207
11637,66,9212
11642,66,9217
11652,66,9227
11657,66,9232
11662,66,9237
11667,67,9242
11672,67,9247
11677,67,9252
11682,67,9257
11687,67,9262
11691,68,8136
11701,68,8141
11706,68,9271
11711,68,9276
11716,68,9281
11721,68,9286
11726,68,9291
11731,68,9296
11736,68,9301
11741,68,9306
11752,69,9317
11757,69,9322
11762,69,9327
11767,69,9332
11772,69,9337
11777,69,9342
11782,69,9347
11802,70,6502
11812,70,6507
11807,70,6512
11792,70,9357
11797,70,9362
11817,70,9367
11822,70,9372
11828,71,8568
11833,71,8573
11838,71,8578
11848,72,8558
11853,72,8563
11888,73,8588
11863,73,9388
11873,73,9398
11883,73,9408
11898,73,9413
11903,73,9418
11908,73,9423
11913,73,9428
11918,73,9433
11932,74,9447
11937,74,9452
11942,74,9457
11947,74,9462
11952,74,9467
11957,74,9472
11962,74,9477
11967,74,9482
11972,74,9487
11977,74,9492
11982,74,9497
11987,74,9502
11992,74,9507
11997,74,9512
12002,74,9517
12007,74,9522
12012,74,9527
12017,74,9532
12022,74,9537
12027,74,9542
12032,74,9547
12038,75,6593
12043,75,6598
12048,75,6603
12053,75,6608
12058,75,6613
12063,75,6618
12068,75,6623
12073,75,9553
12087,76,7307
12092,76,7312
12097,76,7317
12102,76,7322
12107,76,7327
12112,76,7332
12117,76,7337
12147,77,6042
12142,77,6047
12127,77,6517
12132,77,9572
12137,77,9577
12157,78,8027
12162,78,8032
12167,78,9587
12172,78,9592
12177,78,9597
12182,78,9602
12187,78,9607
12192,78,9612
12197,78,9617
12237,79,5862
12232,79,5867
12227,79,5872
12242,79,5877
12247,79,6137
12252,79,6142
12257,79,6147
12207,79,9627
12212,79,9632
12217,79,9637
12222,79,9642
12267,80,6157
12272,80,6162
12277,80,6167
12282,80,6172
12287,81,9652
12292,81,9657
12302,82,9667
12307,82,9672
12312,82,9677
12317,82,9682
12337,83,6222
12342,83,6227
12332,83,9697
12350,84,9705
12355,84,9710
12360,84,9715
12365,84,9720
12375,85,9725
12390,86,7380
12395,86,7385
12400,86,7390
12405,86,7395
12410,86,7400
12420,86,7405
12425,86,7410
12415,86,8795
12430,87,6205
12435,87,6210
12440,87,6215
12445,87,6220
12480,88,6235
12450,88,6240
12455,88,6245
12460,88,6250
12465,88,6255
12470,88,6260
12475,88,6265
12485,88,6270
12490,88,6275
12495,88,6280
12500,88,6285
12595,93,9655
12600,93,9785
12606,94,9791
12616,94,9801
12621,94,9806
12626,94,9811
12631,94,9816
13198,110,6628
13203,110,6633
13208,110,6638
13218,110,6643
13223,110,6648
13228,110,6653
13233,110,6658
13258,110,6663
13238,110,6668
13248,110,6673
13243,110,6678
13263,110,8048
13268,110,8053
13273,110,8058
13278,110,8063
13283,110,8068
13288,110,8073
13293,110,8078
13298,110,8083
13303,110,8088
13308,110,8093
13213,110,10008
13253,110,10013
13313,111,8098
13318,111,8103
13323,111,8108
13329,112,7144
13334,112,7149
13339,112,7154
13354,113,7029
13359,113,7034
13369,113,7044
13384,113,7124
13379,113,7129
13374,113,7134
13389,113,7139
13399,114,6949
13404,114,6954
13409,114,6959
13414,114,6964
13419,114,6969
13424,114,6974
13429,114,6979
13434,114,6984
13439,114,6989
13444,114,6994
13449,114,6999
13454,114,7004
13459,114,7009
13464,114,7014
13469,114,7019
13474,114,7024
13394,114,10034
13529,116,5889
13534,116,5894
13504,116,6839
13509,116,6844
13514,116,6884
13524,116,6889
13539,116,6894
13519,116,10044
13544,117,5884
13559,117,5899
13564,117,5904
13549,117,6899
13554,117,6904
13579,118,5909
13584,118,5914
13589,118,5919
13594,118,5924
13599,118,5929
13604,118,5934
13609,118,5939
13614,118,5944
13619,118,5949
13624,118,5954
13634,118,5959
13629,118,5964
13639,118,10059
13644,118,10064
13649,118,10069
13654,118,10074
13659,118,10079
13664,118,10084
13669,118,10089
13674,118,10094
13699,119,6819
13704,119,6824
13709,119,6829
13714,119,6834
13724,120,6789
13729,120,6794
13734,120,6799
13739,120,6804
13749,120,6809
13754,120,6814
13764,121,6749
13759,121,6754
13769,121,6759
13774,121,6764
13779,121,6769
13784,121,6774
13789,121,6779
13794,121,6784
13804,122,10134
13809,122,10139
13814,122,10144
13819,122,10149
13829,123,10159
13834,123,10164
13839,123,10169
13844,123,10174
13849,123,10179
13859,124,7159
13864,124,7164
13869,124,7169
13874,124,7244
13879,124,7249
13884,124,7254
13889,124,7259
14307,137,6682
14312,137,6687
14282,137,9277
14287,137,9287
14292,137,9292
14297,137,9297
14302,137,9922
